window,pool_size,fraction_fit,fraction_evaluate,malicious_clients,min_fit_clients,min_evaluate_clients,magnitude,warmup_rounds,to_keep,threshold,attack_name,strategy_name,dataset_name,num_rounds,sampling,alpha,beta
30,100,1,0,5,50,0,10,30,1,1e-05,gaussian,avg,mnist,50,0,0,0
30,100,1,0,10,50,0,10,30,1,1e-05,gaussian,avg,mnist,50,0,0,0
30,100,1,0,20,50,0,10,30,1,1e-05,gaussian,avg,mnist,50,0,0,0
30,100,1,0,30,50,0,10,30,1,1e-05,gaussian,avg,mnist,50,0,0,0
30,100,1,0,40,50,0,10,30,1,1e-05,gaussian,avg,mnist,50,0,0,0
30,100,1,0,50,50,0,10,30,1,1e-05,gaussian,avg,mnist,50,0,0,0
30,100,1,0,60,50,0,10,30,1,1e-05,gaussian,avg,mnist,50,0,0,0
30,100,1,0,70,50,0,10,30,1,1e-05,gaussian,avg,mnist,50,0,0,0
30,100,1,0,80,50,0,10,30,1,1e-05,gaussian,avg,mnist,50,0,0,0
30,100,1,0,90,50,0,10,30,1,1e-05,gaussian,avg,mnist,50,0,0,0
30,100,1,0,95,50,0,10,30,1,1e-05,gaussian,avg,mnist,50,0,0,0
30,100,1,0,5,50,0,0,30,1,1e-05,lie,avg,mnist,50,0,0,0
30,100,1,0,10,50,0,0,30,1,1e-05,lie,avg,mnist,50,0,0,0
30,100,1,0,20,50,0,0,30,1,1e-05,lie,avg,mnist,50,0,0,0
30,100,1,0,30,50,0,0,30,1,1e-05,lie,avg,mnist,50,0,0,0
30,100,1,0,40,50,0,0,30,1,1e-05,lie,avg,mnist,50,0,0,0
30,100,1,0,50,50,0,0,30,1,1e-05,lie,avg,mnist,50,0,0,0
30,100,1,0,60,50,0,0,30,1,1e-05,lie,avg,mnist,50,0,0,0
30,100,1,0,70,50,0,0,30,1,1e-05,lie,avg,mnist,50,0,0,0
30,100,1,0,80,50,0,0,30,1,1e-05,lie,avg,mnist,50,0,0,0
30,100,1,0,90,50,0,0,30,1,1e-05,lie,avg,mnist,50,0,0,0
30,100,1,0,95,50,0,0,30,1,1e-05,lie,avg,mnist,50,0,0,0
30,100,1,0,5,50,0,0,30,1,1e-05,fang,avg,mnist,50,0,0,0
30,100,1,0,10,50,0,0,30,1,1e-05,fang,avg,mnist,50,0,0,0
30,100,1,0,20,50,0,0,30,1,1e-05,fang,avg,mnist,50,0,0,0
30,100,1,0,30,50,0,0,30,1,1e-05,fang,avg,mnist,50,0,0,0
30,100,1,0,40,50,0,0,30,1,1e-05,fang,avg,mnist,50,0,0,0
30,100,1,0,50,50,0,0,30,1,1e-05,fang,avg,mnist,50,0,0,0
30,100,1,0,60,50,0,0,30,1,1e-05,fang,avg,mnist,50,0,0,0
30,100,1,0,70,50,0,0,30,1,1e-05,fang,avg,mnist,50,0,0,0
30,100,1,0,80,50,0,0,30,1,1e-05,fang,avg,mnist,50,0,0,0
30,100,1,0,90,50,0,0,30,1,1e-05,fang,avg,mnist,50,0,0,0
30,100,1,0,95,50,0,0,30,1,1e-05,fang,avg,mnist,50,0,0,0
30,100,1,0,5,50,0,0,30,1,1e-05,minmax,avg,mnist,50,0,0,0
30,100,1,0,10,50,0,0,30,1,1e-05,minmax,avg,mnist,50,0,0,0
30,100,1,0,20,50,0,0,30,1,1e-05,minmax,avg,mnist,50,0,0,0
30,100,1,0,30,50,0,0,30,1,1e-05,minmax,avg,mnist,50,0,0,0
30,100,1,0,40,50,0,0,30,1,1e-05,minmax,avg,mnist,50,0,0,0
30,100,1,0,50,50,0,0,30,1,1e-05,minmax,avg,mnist,50,0,0,0
30,100,1,0,60,50,0,0,30,1,1e-05,minmax,avg,mnist,50,0,0,0
30,100,1,0,70,50,0,0,30,1,1e-05,minmax,avg,mnist,50,0,0,0
30,100,1,0,80,50,0,0,30,1,1e-05,minmax,avg,mnist,50,0,0,0
30,100,1,0,90,50,0,0,30,1,1e-05,minmax,avg,mnist,50,0,0,0
30,100,1,0,95,50,0,0,30,1,1e-05,minmax,avg,mnist,50,0,0,0
30,100,1,0,5,50,0,10,30,1,1e-05,gaussian,median,mnist,50,0,0,0
30,100,1,0,10,50,0,10,30,1,1e-05,gaussian,median,mnist,50,0,0,0
30,100,1,0,20,50,0,10,30,1,1e-05,gaussian,median,mnist,50,0,0,0
30,100,1,0,30,50,0,10,30,1,1e-05,gaussian,median,mnist,50,0,0,0
30,100,1,0,40,50,0,10,30,1,1e-05,gaussian,median,mnist,50,0,0,0
30,100,1,0,50,50,0,10,30,1,1e-05,gaussian,median,mnist,50,0,0,0
30,100,1,0,60,50,0,10,30,1,1e-05,gaussian,median,mnist,50,0,0,0
30,100,1,0,70,50,0,10,30,1,1e-05,gaussian,median,mnist,50,0,0,0
30,100,1,0,80,50,0,10,30,1,1e-05,gaussian,median,mnist,50,0,0,0
30,100,1,0,90,50,0,10,30,1,1e-05,gaussian,median,mnist,50,0,0,0
30,100,1,0,95,50,0,10,30,1,1e-05,gaussian,median,mnist,50,0,0,0
30,100,1,0,5,50,0,0,30,1,1e-05,lie,median,mnist,50,0,0,0
30,100,1,0,10,50,0,0,30,1,1e-05,lie,median,mnist,50,0,0,0
30,100,1,0,20,50,0,0,30,1,1e-05,lie,median,mnist,50,0,0,0
30,100,1,0,30,50,0,0,30,1,1e-05,lie,median,mnist,50,0,0,0
30,100,1,0,40,50,0,0,30,1,1e-05,lie,median,mnist,50,0,0,0
30,100,1,0,50,50,0,0,30,1,1e-05,lie,median,mnist,50,0,0,0
30,100,1,0,60,50,0,0,30,1,1e-05,lie,median,mnist,50,0,0,0
30,100,1,0,70,50,0,0,30,1,1e-05,lie,median,mnist,50,0,0,0
30,100,1,0,80,50,0,0,30,1,1e-05,lie,median,mnist,50,0,0,0
30,100,1,0,90,50,0,0,30,1,1e-05,lie,median,mnist,50,0,0,0
30,100,1,0,95,50,0,0,30,1,1e-05,lie,median,mnist,50,0,0,0
30,100,1,0,5,50,0,0,30,1,1e-05,fang,median,mnist,50,0,0,0
30,100,1,0,10,50,0,0,30,1,1e-05,fang,median,mnist,50,0,0,0
30,100,1,0,20,50,0,0,30,1,1e-05,fang,median,mnist,50,0,0,0
30,100,1,0,30,50,0,0,30,1,1e-05,fang,median,mnist,50,0,0,0
30,100,1,0,40,50,0,0,30,1,1e-05,fang,median,mnist,50,0,0,0
30,100,1,0,50,50,0,0,30,1,1e-05,fang,median,mnist,50,0,0,0
30,100,1,0,60,50,0,0,30,1,1e-05,fang,median,mnist,50,0,0,0
30,100,1,0,70,50,0,0,30,1,1e-05,fang,median,mnist,50,0,0,0
30,100,1,0,80,50,0,0,30,1,1e-05,fang,median,mnist,50,0,0,0
30,100,1,0,90,50,0,0,30,1,1e-05,fang,median,mnist,50,0,0,0
30,100,1,0,95,50,0,0,30,1,1e-05,fang,median,mnist,50,0,0,0
30,100,1,0,5,50,0,0,30,1,1e-05,minmax,median,mnist,50,0,0,0
30,100,1,0,10,50,0,0,30,1,1e-05,minmax,median,mnist,50,0,0,0
30,100,1,0,20,50,0,0,30,1,1e-05,minmax,median,mnist,50,0,0,0
30,100,1,0,30,50,0,0,30,1,1e-05,minmax,median,mnist,50,0,0,0
30,100,1,0,40,50,0,0,30,1,1e-05,minmax,median,mnist,50,0,0,0
30,100,1,0,50,50,0,0,30,1,1e-05,minmax,median,mnist,50,0,0,0
30,100,1,0,60,50,0,0,30,1,1e-05,minmax,median,mnist,50,0,0,0
30,100,1,0,70,50,0,0,30,1,1e-05,minmax,median,mnist,50,0,0,0
30,100,1,0,80,50,0,0,30,1,1e-05,minmax,median,mnist,50,0,0,0
30,100,1,0,90,50,0,0,30,1,1e-05,minmax,median,mnist,50,0,0,0
30,100,1,0,95,50,0,0,30,1,1e-05,minmax,median,mnist,50,0,0,0
30,100,1,0,5,50,0,10,30,1,1e-05,gaussian,trimmedmean,mnist,50,0,0,0
30,100,1,0,10,50,0,10,30,1,1e-05,gaussian,trimmedmean,mnist,50,0,0,0
30,100,1,0,20,50,0,10,30,1,1e-05,gaussian,trimmedmean,mnist,50,0,0,0
30,100,1,0,30,50,0,10,30,1,1e-05,gaussian,trimmedmean,mnist,50,0,0,0
30,100,1,0,40,50,0,10,30,1,1e-05,gaussian,trimmedmean,mnist,50,0,0,0
30,100,1,0,50,50,0,10,30,1,1e-05,gaussian,trimmedmean,mnist,50,0,0,0
30,100,1,0,60,50,0,10,30,1,1e-05,gaussian,trimmedmean,mnist,50,0,0,0
30,100,1,0,70,50,0,10,30,1,1e-05,gaussian,trimmedmean,mnist,50,0,0,0
30,100,1,0,80,50,0,10,30,1,1e-05,gaussian,trimmedmean,mnist,50,0,0,0
30,100,1,0,90,50,0,10,30,1,1e-05,gaussian,trimmedmean,mnist,50,0,0,0
30,100,1,0,95,50,0,10,30,1,1e-05,gaussian,trimmedmean,mnist,50,0,0,0
30,100,1,0,5,50,0,0,30,1,1e-05,lie,trimmedmean,mnist,50,0,0,0
30,100,1,0,10,50,0,0,30,1,1e-05,lie,trimmedmean,mnist,50,0,0,0
30,100,1,0,20,50,0,0,30,1,1e-05,lie,trimmedmean,mnist,50,0,0,0
30,100,1,0,30,50,0,0,30,1,1e-05,lie,trimmedmean,mnist,50,0,0,0
30,100,1,0,40,50,0,0,30,1,1e-05,lie,trimmedmean,mnist,50,0,0,0
30,100,1,0,50,50,0,0,30,1,1e-05,lie,trimmedmean,mnist,50,0,0,0
30,100,1,0,60,50,0,0,30,1,1e-05,lie,trimmedmean,mnist,50,0,0,0
30,100,1,0,70,50,0,0,30,1,1e-05,lie,trimmedmean,mnist,50,0,0,0
30,100,1,0,80,50,0,0,30,1,1e-05,lie,trimmedmean,mnist,50,0,0,0
30,100,1,0,90,50,0,0,30,1,1e-05,lie,trimmedmean,mnist,50,0,0,0
30,100,1,0,95,50,0,0,30,1,1e-05,lie,trimmedmean,mnist,50,0,0,0
30,100,1,0,5,50,0,0,30,1,1e-05,fang,trimmedmean,mnist,50,0,0,0
30,100,1,0,10,50,0,0,30,1,1e-05,fang,trimmedmean,mnist,50,0,0,0
30,100,1,0,20,50,0,0,30,1,1e-05,fang,trimmedmean,mnist,50,0,0,0
30,100,1,0,30,50,0,0,30,1,1e-05,fang,trimmedmean,mnist,50,0,0,0
30,100,1,0,40,50,0,0,30,1,1e-05,fang,trimmedmean,mnist,50,0,0,0
30,100,1,0,50,50,0,0,30,1,1e-05,fang,trimmedmean,mnist,50,0,0,0
30,100,1,0,60,50,0,0,30,1,1e-05,fang,trimmedmean,mnist,50,0,0,0
30,100,1,0,70,50,0,0,30,1,1e-05,fang,trimmedmean,mnist,50,0,0,0
30,100,1,0,80,50,0,0,30,1,1e-05,fang,trimmedmean,mnist,50,0,0,0
30,100,1,0,90,50,0,0,30,1,1e-05,fang,trimmedmean,mnist,50,0,0,0
30,100,1,0,95,50,0,0,30,1,1e-05,fang,trimmedmean,mnist,50,0,0,0
30,100,1,0,5,50,0,0,30,1,1e-05,minmax,trimmedmean,mnist,50,0,0,0
30,100,1,0,10,50,0,0,30,1,1e-05,minmax,trimmedmean,mnist,50,0,0,0
30,100,1,0,20,50,0,0,30,1,1e-05,minmax,trimmedmean,mnist,50,0,0,0
30,100,1,0,30,50,0,0,30,1,1e-05,minmax,trimmedmean,mnist,50,0,0,0
30,100,1,0,40,50,0,0,30,1,1e-05,minmax,trimmedmean,mnist,50,0,0,0
30,100,1,0,50,50,0,0,30,1,1e-05,minmax,trimmedmean,mnist,50,0,0,0
30,100,1,0,60,50,0,0,30,1,1e-05,minmax,trimmedmean,mnist,50,0,0,0
30,100,1,0,70,50,0,0,30,1,1e-05,minmax,trimmedmean,mnist,50,0,0,0
30,100,1,0,80,50,0,0,30,1,1e-05,minmax,trimmedmean,mnist,50,0,0,0
30,100,1,0,90,50,0,0,30,1,1e-05,minmax,trimmedmean,mnist,50,0,0,0
30,100,1,0,95,50,0,0,30,1,1e-05,minmax,trimmedmean,mnist,50,0,0,0
30,100,1,0,5,50,0,10,30,1,1e-05,gaussian,flanders,mnist,50,500,1,1
30,100,1,0,10,50,0,10,30,1,1e-05,gaussian,flanders,mnist,50,500,1,1
30,100,1,0,20,50,0,10,30,1,1e-05,gaussian,flanders,mnist,50,500,1,1
30,100,1,0,30,50,0,10,30,1,1e-05,gaussian,flanders,mnist,50,500,1,1
30,100,1,0,40,50,0,10,30,1,1e-05,gaussian,flanders,mnist,50,500,1,1
30,100,1,0,50,50,0,10,30,1,1e-05,gaussian,flanders,mnist,50,500,1,1
30,100,1,0,60,50,0,10,30,1,1e-05,gaussian,flanders,mnist,50,500,1,1
30,100,1,0,70,50,0,10,30,1,1e-05,gaussian,flanders,mnist,50,500,1,1
30,100,1,0,80,50,0,10,30,1,1e-05,gaussian,flanders,mnist,50,500,1,1
30,100,1,0,90,50,0,10,30,1,1e-05,gaussian,flanders,mnist,50,500,1,1
30,100,1,0,95,50,0,10,30,1,1e-05,gaussian,flanders,mnist,50,500,1,1
30,100,1,0,5,50,0,0,30,1,1e-05,lie,flanders,mnist,50,500,1,1
30,100,1,0,10,50,0,0,30,1,1e-05,lie,flanders,mnist,50,500,1,1
30,100,1,0,20,50,0,0,30,1,1e-05,lie,flanders,mnist,50,500,1,1
30,100,1,0,30,50,0,0,30,1,1e-05,lie,flanders,mnist,50,500,1,1
30,100,1,0,40,50,0,0,30,1,1e-05,lie,flanders,mnist,50,500,1,1
30,100,1,0,50,50,0,0,30,1,1e-05,lie,flanders,mnist,50,500,1,1
30,100,1,0,60,50,0,0,30,1,1e-05,lie,flanders,mnist,50,500,1,1
30,100,1,0,70,50,0,0,30,1,1e-05,lie,flanders,mnist,50,500,1,1
30,100,1,0,80,50,0,0,30,1,1e-05,lie,flanders,mnist,50,500,1,1
30,100,1,0,90,50,0,0,30,1,1e-05,lie,flanders,mnist,50,500,1,1
30,100,1,0,95,50,0,0,30,1,1e-05,lie,flanders,mnist,50,500,1,1
30,100,1,0,5,50,0,0,30,1,1e-05,fang,flanders,mnist,50,500,1,1
30,100,1,0,10,50,0,0,30,1,1e-05,fang,flanders,mnist,50,500,1,1
30,100,1,0,20,50,0,0,30,1,1e-05,fang,flanders,mnist,50,500,1,1
30,100,1,0,30,50,0,0,30,1,1e-05,fang,flanders,mnist,50,500,1,1
30,100,1,0,40,50,0,0,30,1,1e-05,fang,flanders,mnist,50,500,1,1
30,100,1,0,50,50,0,0,30,1,1e-05,fang,flanders,mnist,50,500,1,1
30,100,1,0,60,50,0,0,30,1,1e-05,fang,flanders,mnist,50,500,1,1
30,100,1,0,70,50,0,0,30,1,1e-05,fang,flanders,mnist,50,500,1,1
30,100,1,0,80,50,0,0,30,1,1e-05,fang,flanders,mnist,50,500,1,1
30,100,1,0,90,50,0,0,30,1,1e-05,fang,flanders,mnist,50,500,1,1
30,100,1,0,95,50,0,0,30,1,1e-05,fang,flanders,mnist,50,500,1,1
30,100,1,0,5,50,0,0,30,1,1e-05,minmax,flanders,mnist,50,500,1,1
30,100,1,0,10,50,0,0,30,1,1e-05,minmax,flanders,mnist,50,500,1,1
30,100,1,0,20,50,0,0,30,1,1e-05,minmax,flanders,mnist,50,500,1,1
30,100,1,0,30,50,0,0,30,1,1e-05,minmax,flanders,mnist,50,500,1,1
30,100,1,0,40,50,0,0,30,1,1e-05,minmax,flanders,mnist,50,500,1,1
30,100,1,0,50,50,0,0,30,1,1e-05,minmax,flanders,mnist,50,500,1,1
30,100,1,0,60,50,0,0,30,1,1e-05,minmax,flanders,mnist,50,500,1,1
30,100,1,0,70,50,0,0,30,1,1e-05,minmax,flanders,mnist,50,500,1,1
30,100,1,0,80,50,0,0,30,1,1e-05,minmax,flanders,mnist,50,500,1,1
30,100,1,0,90,50,0,0,30,1,1e-05,minmax,flanders,mnist,50,500,1,1
30,100,1,0,95,50,0,0,30,1,1e-05,minmax,flanders,mnist,50,500,1,1
30,100,1,0,5,50,0,10,30,1,1e-05,gaussian,krum,mnist,50,0,0,0
30,100,1,0,10,50,0,10,30,1,1e-05,gaussian,krum,mnist,50,0,0,0
30,100,1,0,20,50,0,10,30,1,1e-05,gaussian,krum,mnist,50,0,0,0
30,100,1,0,30,50,0,10,30,1,1e-05,gaussian,krum,mnist,50,0,0,0
30,100,1,0,40,50,0,10,30,1,1e-05,gaussian,krum,mnist,50,0,0,0
30,100,1,0,50,50,0,10,30,1,1e-05,gaussian,krum,mnist,50,0,0,0
30,100,1,0,60,50,0,10,30,1,1e-05,gaussian,krum,mnist,50,0,0,0
30,100,1,0,70,50,0,10,30,1,1e-05,gaussian,krum,mnist,50,0,0,0
30,100,1,0,80,50,0,10,30,1,1e-05,gaussian,krum,mnist,50,0,0,0
30,100,1,0,90,50,0,10,30,1,1e-05,gaussian,krum,mnist,50,0,0,0
30,100,1,0,95,50,0,10,30,1,1e-05,gaussian,krum,mnist,50,0,0,0
30,100,1,0,5,50,0,0,30,1,1e-05,lie,krum,mnist,50,0,0,0
30,100,1,0,10,50,0,0,30,1,1e-05,lie,krum,mnist,50,0,0,0
30,100,1,0,20,50,0,0,30,1,1e-05,lie,krum,mnist,50,0,0,0
30,100,1,0,30,50,0,0,30,1,1e-05,lie,krum,mnist,50,0,0,0
30,100,1,0,40,50,0,0,30,1,1e-05,lie,krum,mnist,50,0,0,0
30,100,1,0,50,50,0,0,30,1,1e-05,lie,krum,mnist,50,0,0,0
30,100,1,0,60,50,0,0,30,1,1e-05,lie,krum,mnist,50,0,0,0
30,100,1,0,70,50,0,0,30,1,1e-05,lie,krum,mnist,50,0,0,0
30,100,1,0,80,50,0,0,30,1,1e-05,lie,krum,mnist,50,0,0,0
30,100,1,0,90,50,0,0,30,1,1e-05,lie,krum,mnist,50,0,0,0
30,100,1,0,95,50,0,0,30,1,1e-05,lie,krum,mnist,50,0,0,0
30,100,1,0,5,50,0,0,30,1,1e-05,fang,krum,mnist,50,0,0,0
30,100,1,0,10,50,0,0,30,1,1e-05,fang,krum,mnist,50,0,0,0
30,100,1,0,20,50,0,0,30,1,1e-05,fang,krum,mnist,50,0,0,0
30,100,1,0,30,50,0,0,30,1,1e-05,fang,krum,mnist,50,0,0,0
30,100,1,0,40,50,0,0,30,1,1e-05,fang,krum,mnist,50,0,0,0
30,100,1,0,50,50,0,0,30,1,1e-05,fang,krum,mnist,50,0,0,0
30,100,1,0,60,50,0,0,30,1,1e-05,fang,krum,mnist,50,0,0,0
30,100,1,0,70,50,0,0,30,1,1e-05,fang,krum,mnist,50,0,0,0
30,100,1,0,80,50,0,0,30,1,1e-05,fang,krum,mnist,50,0,0,0
30,100,1,0,90,50,0,0,30,1,1e-05,fang,krum,mnist,50,0,0,0
30,100,1,0,95,50,0,0,30,1,1e-05,fang,krum,mnist,50,0,0,0
30,100,1,0,5,50,0,0,30,1,1e-05,minmax,krum,mnist,50,0,0,0
30,100,1,0,10,50,0,0,30,1,1e-05,minmax,krum,mnist,50,0,0,0
30,100,1,0,20,50,0,0,30,1,1e-05,minmax,krum,mnist,50,0,0,0
30,100,1,0,30,50,0,0,30,1,1e-05,minmax,krum,mnist,50,0,0,0
30,100,1,0,40,50,0,0,30,1,1e-05,minmax,krum,mnist,50,0,0,0
30,100,1,0,50,50,0,0,30,1,1e-05,minmax,krum,mnist,50,0,0,0
30,100,1,0,60,50,0,0,30,1,1e-05,minmax,krum,mnist,50,0,0,0
30,100,1,0,70,50,0,0,30,1,1e-05,minmax,krum,mnist,50,0,0,0
30,100,1,0,80,50,0,0,30,1,1e-05,minmax,krum,mnist,50,0,0,0
30,100,1,0,90,50,0,0,30,1,1e-05,minmax,krum,mnist,50,0,0,0
30,100,1,0,95,50,0,0,30,1,1e-05,minmax,krum,mnist,50,0,0,0
30,100,1,0,5,50,0,10,30,1,1e-05,gaussian,bulyan,mnist,50,0,0,0
30,100,1,0,10,50,0,10,30,1,1e-05,gaussian,bulyan,mnist,50,0,0,0
30,100,1,0,20,50,0,10,30,1,1e-05,gaussian,bulyan,mnist,50,0,0,0
30,100,1,0,30,50,0,10,30,1,1e-05,gaussian,bulyan,mnist,50,0,0,0
30,100,1,0,40,50,0,10,30,1,1e-05,gaussian,bulyan,mnist,50,0,0,0
30,100,1,0,50,50,0,10,30,1,1e-05,gaussian,bulyan,mnist,50,0,0,0
30,100,1,0,60,50,0,10,30,1,1e-05,gaussian,bulyan,mnist,50,0,0,0
30,100,1,0,70,50,0,10,30,1,1e-05,gaussian,bulyan,mnist,50,0,0,0
30,100,1,0,80,50,0,10,30,1,1e-05,gaussian,bulyan,mnist,50,0,0,0
30,100,1,0,90,50,0,10,30,1,1e-05,gaussian,bulyan,mnist,50,0,0,0
30,100,1,0,95,50,0,10,30,1,1e-05,gaussian,bulyan,mnist,50,0,0,0
30,100,1,0,5,50,0,0,30,1,1e-05,lie,bulyan,mnist,50,0,0,0
30,100,1,0,10,50,0,0,30,1,1e-05,lie,bulyan,mnist,50,0,0,0
30,100,1,0,20,50,0,0,30,1,1e-05,lie,bulyan,mnist,50,0,0,0
30,100,1,0,30,50,0,0,30,1,1e-05,lie,bulyan,mnist,50,0,0,0
30,100,1,0,40,50,0,0,30,1,1e-05,lie,bulyan,mnist,50,0,0,0
30,100,1,0,50,50,0,0,30,1,1e-05,lie,bulyan,mnist,50,0,0,0
30,100,1,0,60,50,0,0,30,1,1e-05,lie,bulyan,mnist,50,0,0,0
30,100,1,0,70,50,0,0,30,1,1e-05,lie,bulyan,mnist,50,0,0,0
30,100,1,0,80,50,0,0,30,1,1e-05,lie,bulyan,mnist,50,0,0,0
30,100,1,0,90,50,0,0,30,1,1e-05,lie,bulyan,mnist,50,0,0,0
30,100,1,0,95,50,0,0,30,1,1e-05,lie,bulyan,mnist,50,0,0,0
30,100,1,0,5,50,0,0,30,1,1e-05,fang,bulyan,mnist,50,0,0,0
30,100,1,0,10,50,0,0,30,1,1e-05,fang,bulyan,mnist,50,0,0,0
30,100,1,0,20,50,0,0,30,1,1e-05,fang,bulyan,mnist,50,0,0,0
30,100,1,0,30,50,0,0,30,1,1e-05,fang,bulyan,mnist,50,0,0,0
30,100,1,0,40,50,0,0,30,1,1e-05,fang,bulyan,mnist,50,0,0,0
30,100,1,0,50,50,0,0,30,1,1e-05,fang,bulyan,mnist,50,0,0,0
30,100,1,0,60,50,0,0,30,1,1e-05,fang,bulyan,mnist,50,0,0,0
30,100,1,0,70,50,0,0,30,1,1e-05,fang,bulyan,mnist,50,0,0,0
30,100,1,0,80,50,0,0,30,1,1e-05,fang,bulyan,mnist,50,0,0,0
30,100,1,0,90,50,0,0,30,1,1e-05,fang,bulyan,mnist,50,0,0,0
30,100,1,0,95,50,0,0,30,1,1e-05,fang,bulyan,mnist,50,0,0,0
30,100,1,0,5,50,0,0,30,1,1e-05,minmax,bulyan,mnist,50,0,0,0
30,100,1,0,10,50,0,0,30,1,1e-05,minmax,bulyan,mnist,50,0,0,0
30,100,1,0,20,50,0,0,30,1,1e-05,minmax,bulyan,mnist,50,0,0,0
30,100,1,0,30,50,0,0,30,1,1e-05,minmax,bulyan,mnist,50,0,0,0
30,100,1,0,40,50,0,0,30,1,1e-05,minmax,bulyan,mnist,50,0,0,0
30,100,1,0,50,50,0,0,30,1,1e-05,minmax,bulyan,mnist,50,0,0,0
30,100,1,0,60,50,0,0,30,1,1e-05,minmax,bulyan,mnist,50,0,0,0
30,100,1,0,70,50,0,0,30,1,1e-05,minmax,bulyan,mnist,50,0,0,0
30,100,1,0,80,50,0,0,30,1,1e-05,minmax,bulyan,mnist,50,0,0,0
30,100,1,0,90,50,0,0,30,1,1e-05,minmax,bulyan,mnist,50,0,0,0
30,100,1,0,95,50,0,0,30,1,1e-05,minmax,bulyan,mnist,50,0,0,0
30,100,1,0,5,50,0,10,30,1,1e-05,gaussian,fltrust,mnist,50,0,0,0
30,100,1,0,10,50,0,10,30,1,1e-05,gaussian,fltrust,mnist,50,0,0,0
30,100,1,0,20,50,0,10,30,1,1e-05,gaussian,fltrust,mnist,50,0,0,0
30,100,1,0,30,50,0,10,30,1,1e-05,gaussian,fltrust,mnist,50,0,0,0
30,100,1,0,40,50,0,10,30,1,1e-05,gaussian,fltrust,mnist,50,0,0,0
30,100,1,0,50,50,0,10,30,1,1e-05,gaussian,fltrust,mnist,50,0,0,0
30,100,1,0,60,50,0,10,30,1,1e-05,gaussian,fltrust,mnist,50,0,0,0
30,100,1,0,70,50,0,10,30,1,1e-05,gaussian,fltrust,mnist,50,0,0,0
30,100,1,0,80,50,0,10,30,1,1e-05,gaussian,fltrust,mnist,50,0,0,0
30,100,1,0,90,50,0,10,30,1,1e-05,gaussian,fltrust,mnist,50,0,0,0
30,100,1,0,95,50,0,10,30,1,1e-05,gaussian,fltrust,mnist,50,0,0,0
30,100,1,0,5,50,0,0,30,1,1e-05,lie,fltrust,mnist,50,0,0,0
30,100,1,0,10,50,0,0,30,1,1e-05,lie,fltrust,mnist,50,0,0,0
30,100,1,0,20,50,0,0,30,1,1e-05,lie,fltrust,mnist,50,0,0,0
30,100,1,0,30,50,0,0,30,1,1e-05,lie,fltrust,mnist,50,0,0,0
30,100,1,0,40,50,0,0,30,1,1e-05,lie,fltrust,mnist,50,0,0,0
30,100,1,0,50,50,0,0,30,1,1e-05,lie,fltrust,mnist,50,0,0,0
30,100,1,0,60,50,0,0,30,1,1e-05,lie,fltrust,mnist,50,0,0,0
30,100,1,0,70,50,0,0,30,1,1e-05,lie,fltrust,mnist,50,0,0,0
30,100,1,0,80,50,0,0,30,1,1e-05,lie,fltrust,mnist,50,0,0,0
30,100,1,0,90,50,0,0,30,1,1e-05,lie,fltrust,mnist,50,0,0,0
30,100,1,0,95,50,0,0,30,1,1e-05,lie,fltrust,mnist,50,0,0,0
30,100,1,0,5,50,0,0,30,1,1e-05,fang,fltrust,mnist,50,0,0,0
30,100,1,0,10,50,0,0,30,1,1e-05,fang,fltrust,mnist,50,0,0,0
30,100,1,0,20,50,0,0,30,1,1e-05,fang,fltrust,mnist,50,0,0,0
30,100,1,0,30,50,0,0,30,1,1e-05,fang,fltrust,mnist,50,0,0,0
30,100,1,0,40,50,0,0,30,1,1e-05,fang,fltrust,mnist,50,0,0,0
30,100,1,0,50,50,0,0,30,1,1e-05,fang,fltrust,mnist,50,0,0,0
30,100,1,0,60,50,0,0,30,1,1e-05,fang,fltrust,mnist,50,0,0,0
30,100,1,0,70,50,0,0,30,1,1e-05,fang,fltrust,mnist,50,0,0,0
30,100,1,0,80,50,0,0,30,1,1e-05,fang,fltrust,mnist,50,0,0,0
30,100,1,0,90,50,0,0,30,1,1e-05,fang,fltrust,mnist,50,0,0,0
30,100,1,0,95,50,0,0,30,1,1e-05,fang,fltrust,mnist,50,0,0,0
30,100,1,0,5,50,0,0,30,1,1e-05,minmax,fltrust,mnist,50,0,0,0
30,100,1,0,10,50,0,0,30,1,1e-05,minmax,fltrust,mnist,50,0,0,0
30,100,1,0,20,50,0,0,30,1,1e-05,minmax,fltrust,mnist,50,0,0,0
30,100,1,0,30,50,0,0,30,1,1e-05,minmax,fltrust,mnist,50,0,0,0
30,100,1,0,40,50,0,0,30,1,1e-05,minmax,fltrust,mnist,50,0,0,0
30,100,1,0,50,50,0,0,30,1,1e-05,minmax,fltrust,mnist,50,0,0,0
30,100,1,0,60,50,0,0,30,1,1e-05,minmax,fltrust,mnist,50,0,0,0
30,100,1,0,70,50,0,0,30,1,1e-05,minmax,fltrust,mnist,50,0,0,0
30,100,1,0,80,50,0,0,30,1,1e-05,minmax,fltrust,mnist,50,0,0,0
30,100,1,0,90,50,0,0,30,1,1e-05,minmax,fltrust,mnist,50,0,0,0
30,100,1,0,95,50,0,0,30,1,1e-05,minmax,fltrust,mnist,50,0,0,0
30,100,1,0,5,50,0,10,30,1,1e-05,gaussian,avg,cifar,50,0,0,0
30,100,1,0,10,50,0,10,30,1,1e-05,gaussian,avg,cifar,50,0,0,0
30,100,1,0,20,50,0,10,30,1,1e-05,gaussian,avg,cifar,50,0,0,0
30,100,1,0,30,50,0,10,30,1,1e-05,gaussian,avg,cifar,50,0,0,0
30,100,1,0,40,50,0,10,30,1,1e-05,gaussian,avg,cifar,50,0,0,0
30,100,1,0,50,50,0,10,30,1,1e-05,gaussian,avg,cifar,50,0,0,0
30,100,1,0,60,50,0,10,30,1,1e-05,gaussian,avg,cifar,50,0,0,0
30,100,1,0,70,50,0,10,30,1,1e-05,gaussian,avg,cifar,50,0,0,0
30,100,1,0,80,50,0,10,30,1,1e-05,gaussian,avg,cifar,50,0,0,0
30,100,1,0,90,50,0,10,30,1,1e-05,gaussian,avg,cifar,50,0,0,0
30,100,1,0,95,50,0,10,30,1,1e-05,gaussian,avg,cifar,50,0,0,0
30,100,1,0,5,50,0,0,30,1,1e-05,lie,avg,cifar,50,0,0,0
30,100,1,0,10,50,0,0,30,1,1e-05,lie,avg,cifar,50,0,0,0
30,100,1,0,20,50,0,0,30,1,1e-05,lie,avg,cifar,50,0,0,0
30,100,1,0,30,50,0,0,30,1,1e-05,lie,avg,cifar,50,0,0,0
30,100,1,0,40,50,0,0,30,1,1e-05,lie,avg,cifar,50,0,0,0
30,100,1,0,50,50,0,0,30,1,1e-05,lie,avg,cifar,50,0,0,0
30,100,1,0,60,50,0,0,30,1,1e-05,lie,avg,cifar,50,0,0,0
30,100,1,0,70,50,0,0,30,1,1e-05,lie,avg,cifar,50,0,0,0
30,100,1,0,80,50,0,0,30,1,1e-05,lie,avg,cifar,50,0,0,0
30,100,1,0,90,50,0,0,30,1,1e-05,lie,avg,cifar,50,0,0,0
30,100,1,0,95,50,0,0,30,1,1e-05,lie,avg,cifar,50,0,0,0
30,100,1,0,5,50,0,0,30,1,1e-05,fang,avg,cifar,50,0,0,0
30,100,1,0,10,50,0,0,30,1,1e-05,fang,avg,cifar,50,0,0,0
30,100,1,0,20,50,0,0,30,1,1e-05,fang,avg,cifar,50,0,0,0
30,100,1,0,30,50,0,0,30,1,1e-05,fang,avg,cifar,50,0,0,0
30,100,1,0,40,50,0,0,30,1,1e-05,fang,avg,cifar,50,0,0,0
30,100,1,0,50,50,0,0,30,1,1e-05,fang,avg,cifar,50,0,0,0
30,100,1,0,60,50,0,0,30,1,1e-05,fang,avg,cifar,50,0,0,0
30,100,1,0,70,50,0,0,30,1,1e-05,fang,avg,cifar,50,0,0,0
30,100,1,0,80,50,0,0,30,1,1e-05,fang,avg,cifar,50,0,0,0
30,100,1,0,90,50,0,0,30,1,1e-05,fang,avg,cifar,50,0,0,0
30,100,1,0,95,50,0,0,30,1,1e-05,fang,avg,cifar,50,0,0,0
30,100,1,0,5,50,0,0,30,1,1e-05,minmax,avg,cifar,50,0,0,0
30,100,1,0,10,50,0,0,30,1,1e-05,minmax,avg,cifar,50,0,0,0
30,100,1,0,20,50,0,0,30,1,1e-05,minmax,avg,cifar,50,0,0,0
30,100,1,0,30,50,0,0,30,1,1e-05,minmax,avg,cifar,50,0,0,0
30,100,1,0,40,50,0,0,30,1,1e-05,minmax,avg,cifar,50,0,0,0
30,100,1,0,50,50,0,0,30,1,1e-05,minmax,avg,cifar,50,0,0,0
30,100,1,0,60,50,0,0,30,1,1e-05,minmax,avg,cifar,50,0,0,0
30,100,1,0,70,50,0,0,30,1,1e-05,minmax,avg,cifar,50,0,0,0
30,100,1,0,80,50,0,0,30,1,1e-05,minmax,avg,cifar,50,0,0,0
30,100,1,0,90,50,0,0,30,1,1e-05,minmax,avg,cifar,50,0,0,0
30,100,1,0,95,50,0,0,30,1,1e-05,minmax,avg,cifar,50,0,0,0
30,100,1,0,5,50,0,10,30,1,1e-05,gaussian,median,cifar,50,0,0,0
30,100,1,0,10,50,0,10,30,1,1e-05,gaussian,median,cifar,50,0,0,0
30,100,1,0,20,50,0,10,30,1,1e-05,gaussian,median,cifar,50,0,0,0
30,100,1,0,30,50,0,10,30,1,1e-05,gaussian,median,cifar,50,0,0,0
30,100,1,0,40,50,0,10,30,1,1e-05,gaussian,median,cifar,50,0,0,0
30,100,1,0,50,50,0,10,30,1,1e-05,gaussian,median,cifar,50,0,0,0
30,100,1,0,60,50,0,10,30,1,1e-05,gaussian,median,cifar,50,0,0,0
30,100,1,0,70,50,0,10,30,1,1e-05,gaussian,median,cifar,50,0,0,0
30,100,1,0,80,50,0,10,30,1,1e-05,gaussian,median,cifar,50,0,0,0
30,100,1,0,90,50,0,10,30,1,1e-05,gaussian,median,cifar,50,0,0,0
30,100,1,0,95,50,0,10,30,1,1e-05,gaussian,median,cifar,50,0,0,0
30,100,1,0,5,50,0,0,30,1,1e-05,lie,median,cifar,50,0,0,0
30,100,1,0,10,50,0,0,30,1,1e-05,lie,median,cifar,50,0,0,0
30,100,1,0,20,50,0,0,30,1,1e-05,lie,median,cifar,50,0,0,0
30,100,1,0,30,50,0,0,30,1,1e-05,lie,median,cifar,50,0,0,0
30,100,1,0,40,50,0,0,30,1,1e-05,lie,median,cifar,50,0,0,0
30,100,1,0,50,50,0,0,30,1,1e-05,lie,median,cifar,50,0,0,0
30,100,1,0,60,50,0,0,30,1,1e-05,lie,median,cifar,50,0,0,0
30,100,1,0,70,50,0,0,30,1,1e-05,lie,median,cifar,50,0,0,0
30,100,1,0,80,50,0,0,30,1,1e-05,lie,median,cifar,50,0,0,0
30,100,1,0,90,50,0,0,30,1,1e-05,lie,median,cifar,50,0,0,0
30,100,1,0,95,50,0,0,30,1,1e-05,lie,median,cifar,50,0,0,0
30,100,1,0,5,50,0,0,30,1,1e-05,fang,median,cifar,50,0,0,0
30,100,1,0,10,50,0,0,30,1,1e-05,fang,median,cifar,50,0,0,0
30,100,1,0,20,50,0,0,30,1,1e-05,fang,median,cifar,50,0,0,0
30,100,1,0,30,50,0,0,30,1,1e-05,fang,median,cifar,50,0,0,0
30,100,1,0,40,50,0,0,30,1,1e-05,fang,median,cifar,50,0,0,0
30,100,1,0,50,50,0,0,30,1,1e-05,fang,median,cifar,50,0,0,0
30,100,1,0,60,50,0,0,30,1,1e-05,fang,median,cifar,50,0,0,0
30,100,1,0,70,50,0,0,30,1,1e-05,fang,median,cifar,50,0,0,0
30,100,1,0,80,50,0,0,30,1,1e-05,fang,median,cifar,50,0,0,0
30,100,1,0,90,50,0,0,30,1,1e-05,fang,median,cifar,50,0,0,0
30,100,1,0,95,50,0,0,30,1,1e-05,fang,median,cifar,50,0,0,0
30,100,1,0,5,50,0,0,30,1,1e-05,minmax,median,cifar,50,0,0,0
30,100,1,0,10,50,0,0,30,1,1e-05,minmax,median,cifar,50,0,0,0
30,100,1,0,20,50,0,0,30,1,1e-05,minmax,median,cifar,50,0,0,0
30,100,1,0,30,50,0,0,30,1,1e-05,minmax,median,cifar,50,0,0,0
30,100,1,0,40,50,0,0,30,1,1e-05,minmax,median,cifar,50,0,0,0
30,100,1,0,50,50,0,0,30,1,1e-05,minmax,median,cifar,50,0,0,0
30,100,1,0,60,50,0,0,30,1,1e-05,minmax,median,cifar,50,0,0,0
30,100,1,0,70,50,0,0,30,1,1e-05,minmax,median,cifar,50,0,0,0
30,100,1,0,80,50,0,0,30,1,1e-05,minmax,median,cifar,50,0,0,0
30,100,1,0,90,50,0,0,30,1,1e-05,minmax,median,cifar,50,0,0,0
30,100,1,0,95,50,0,0,30,1,1e-05,minmax,median,cifar,50,0,0,0
30,100,1,0,5,50,0,10,30,1,1e-05,gaussian,trimmedmean,cifar,50,0,0,0
30,100,1,0,10,50,0,10,30,1,1e-05,gaussian,trimmedmean,cifar,50,0,0,0
30,100,1,0,20,50,0,10,30,1,1e-05,gaussian,trimmedmean,cifar,50,0,0,0
30,100,1,0,30,50,0,10,30,1,1e-05,gaussian,trimmedmean,cifar,50,0,0,0
30,100,1,0,40,50,0,10,30,1,1e-05,gaussian,trimmedmean,cifar,50,0,0,0
30,100,1,0,50,50,0,10,30,1,1e-05,gaussian,trimmedmean,cifar,50,0,0,0
30,100,1,0,60,50,0,10,30,1,1e-05,gaussian,trimmedmean,cifar,50,0,0,0
30,100,1,0,70,50,0,10,30,1,1e-05,gaussian,trimmedmean,cifar,50,0,0,0
30,100,1,0,80,50,0,10,30,1,1e-05,gaussian,trimmedmean,cifar,50,0,0,0
30,100,1,0,90,50,0,10,30,1,1e-05,gaussian,trimmedmean,cifar,50,0,0,0
30,100,1,0,95,50,0,10,30,1,1e-05,gaussian,trimmedmean,cifar,50,0,0,0
30,100,1,0,5,50,0,0,30,1,1e-05,lie,trimmedmean,cifar,50,0,0,0
30,100,1,0,10,50,0,0,30,1,1e-05,lie,trimmedmean,cifar,50,0,0,0
30,100,1,0,20,50,0,0,30,1,1e-05,lie,trimmedmean,cifar,50,0,0,0
30,100,1,0,30,50,0,0,30,1,1e-05,lie,trimmedmean,cifar,50,0,0,0
30,100,1,0,40,50,0,0,30,1,1e-05,lie,trimmedmean,cifar,50,0,0,0
30,100,1,0,50,50,0,0,30,1,1e-05,lie,trimmedmean,cifar,50,0,0,0
30,100,1,0,60,50,0,0,30,1,1e-05,lie,trimmedmean,cifar,50,0,0,0
30,100,1,0,70,50,0,0,30,1,1e-05,lie,trimmedmean,cifar,50,0,0,0
30,100,1,0,80,50,0,0,30,1,1e-05,lie,trimmedmean,cifar,50,0,0,0
30,100,1,0,90,50,0,0,30,1,1e-05,lie,trimmedmean,cifar,50,0,0,0
30,100,1,0,95,50,0,0,30,1,1e-05,lie,trimmedmean,cifar,50,0,0,0
30,100,1,0,5,50,0,0,30,1,1e-05,fang,trimmedmean,cifar,50,0,0,0
30,100,1,0,10,50,0,0,30,1,1e-05,fang,trimmedmean,cifar,50,0,0,0
30,100,1,0,20,50,0,0,30,1,1e-05,fang,trimmedmean,cifar,50,0,0,0
30,100,1,0,30,50,0,0,30,1,1e-05,fang,trimmedmean,cifar,50,0,0,0
30,100,1,0,40,50,0,0,30,1,1e-05,fang,trimmedmean,cifar,50,0,0,0
30,100,1,0,50,50,0,0,30,1,1e-05,fang,trimmedmean,cifar,50,0,0,0
30,100,1,0,60,50,0,0,30,1,1e-05,fang,trimmedmean,cifar,50,0,0,0
30,100,1,0,70,50,0,0,30,1,1e-05,fang,trimmedmean,cifar,50,0,0,0
30,100,1,0,80,50,0,0,30,1,1e-05,fang,trimmedmean,cifar,50,0,0,0
30,100,1,0,90,50,0,0,30,1,1e-05,fang,trimmedmean,cifar,50,0,0,0
30,100,1,0,95,50,0,0,30,1,1e-05,fang,trimmedmean,cifar,50,0,0,0
30,100,1,0,5,50,0,0,30,1,1e-05,minmax,trimmedmean,cifar,50,0,0,0
30,100,1,0,10,50,0,0,30,1,1e-05,minmax,trimmedmean,cifar,50,0,0,0
30,100,1,0,20,50,0,0,30,1,1e-05,minmax,trimmedmean,cifar,50,0,0,0
30,100,1,0,30,50,0,0,30,1,1e-05,minmax,trimmedmean,cifar,50,0,0,0
30,100,1,0,40,50,0,0,30,1,1e-05,minmax,trimmedmean,cifar,50,0,0,0
30,100,1,0,50,50,0,0,30,1,1e-05,minmax,trimmedmean,cifar,50,0,0,0
30,100,1,0,60,50,0,0,30,1,1e-05,minmax,trimmedmean,cifar,50,0,0,0
30,100,1,0,70,50,0,0,30,1,1e-05,minmax,trimmedmean,cifar,50,0,0,0
30,100,1,0,80,50,0,0,30,1,1e-05,minmax,trimmedmean,cifar,50,0,0,0
30,100,1,0,90,50,0,0,30,1,1e-05,minmax,trimmedmean,cifar,50,0,0,0
30,100,1,0,95,50,0,0,30,1,1e-05,minmax,trimmedmean,cifar,50,0,0,0
30,100,1,0,5,50,0,10,30,1,1e-05,gaussian,flanders,cifar,50,500,1,1
30,100,1,0,10,50,0,10,30,1,1e-05,gaussian,flanders,cifar,50,500,1,1
30,100,1,0,20,50,0,10,30,1,1e-05,gaussian,flanders,cifar,50,500,1,1
30,100,1,0,30,50,0,10,30,1,1e-05,gaussian,flanders,cifar,50,500,1,1
30,100,1,0,40,50,0,10,30,1,1e-05,gaussian,flanders,cifar,50,500,1,1
30,100,1,0,50,50,0,10,30,1,1e-05,gaussian,flanders,cifar,50,500,1,1
30,100,1,0,60,50,0,10,30,1,1e-05,gaussian,flanders,cifar,50,500,1,1
30,100,1,0,70,50,0,10,30,1,1e-05,gaussian,flanders,cifar,50,500,1,1
30,100,1,0,80,50,0,10,30,1,1e-05,gaussian,flanders,cifar,50,500,1,1
30,100,1,0,90,50,0,10,30,1,1e-05,gaussian,flanders,cifar,50,500,1,1
30,100,1,0,95,50,0,10,30,1,1e-05,gaussian,flanders,cifar,50,500,1,1
30,100,1,0,5,50,0,0,30,1,1e-05,lie,flanders,cifar,50,500,1,1
30,100,1,0,10,50,0,0,30,1,1e-05,lie,flanders,cifar,50,500,1,1
30,100,1,0,20,50,0,0,30,1,1e-05,lie,flanders,cifar,50,500,1,1
30,100,1,0,30,50,0,0,30,1,1e-05,lie,flanders,cifar,50,500,1,1
30,100,1,0,40,50,0,0,30,1,1e-05,lie,flanders,cifar,50,500,1,1
30,100,1,0,50,50,0,0,30,1,1e-05,lie,flanders,cifar,50,500,1,1
30,100,1,0,60,50,0,0,30,1,1e-05,lie,flanders,cifar,50,500,1,1
30,100,1,0,70,50,0,0,30,1,1e-05,lie,flanders,cifar,50,500,1,1
30,100,1,0,80,50,0,0,30,1,1e-05,lie,flanders,cifar,50,500,1,1
30,100,1,0,90,50,0,0,30,1,1e-05,lie,flanders,cifar,50,500,1,1
30,100,1,0,95,50,0,0,30,1,1e-05,lie,flanders,cifar,50,500,1,1
30,100,1,0,5,50,0,0,30,1,1e-05,fang,flanders,cifar,50,500,1,1
30,100,1,0,10,50,0,0,30,1,1e-05,fang,flanders,cifar,50,500,1,1
30,100,1,0,20,50,0,0,30,1,1e-05,fang,flanders,cifar,50,500,1,1
30,100,1,0,30,50,0,0,30,1,1e-05,fang,flanders,cifar,50,500,1,1
30,100,1,0,40,50,0,0,30,1,1e-05,fang,flanders,cifar,50,500,1,1
30,100,1,0,50,50,0,0,30,1,1e-05,fang,flanders,cifar,50,500,1,1
30,100,1,0,60,50,0,0,30,1,1e-05,fang,flanders,cifar,50,500,1,1
30,100,1,0,70,50,0,0,30,1,1e-05,fang,flanders,cifar,50,500,1,1
30,100,1,0,80,50,0,0,30,1,1e-05,fang,flanders,cifar,50,500,1,1
30,100,1,0,90,50,0,0,30,1,1e-05,fang,flanders,cifar,50,500,1,1
30,100,1,0,95,50,0,0,30,1,1e-05,fang,flanders,cifar,50,500,1,1
30,100,1,0,5,50,0,0,30,1,1e-05,minmax,flanders,cifar,50,500,1,1
30,100,1,0,10,50,0,0,30,1,1e-05,minmax,flanders,cifar,50,500,1,1
30,100,1,0,20,50,0,0,30,1,1e-05,minmax,flanders,cifar,50,500,1,1
30,100,1,0,30,50,0,0,30,1,1e-05,minmax,flanders,cifar,50,500,1,1
30,100,1,0,40,50,0,0,30,1,1e-05,minmax,flanders,cifar,50,500,1,1
30,100,1,0,50,50,0,0,30,1,1e-05,minmax,flanders,cifar,50,500,1,1
30,100,1,0,60,50,0,0,30,1,1e-05,minmax,flanders,cifar,50,500,1,1
30,100,1,0,70,50,0,0,30,1,1e-05,minmax,flanders,cifar,50,500,1,1
30,100,1,0,80,50,0,0,30,1,1e-05,minmax,flanders,cifar,50,500,1,1
30,100,1,0,90,50,0,0,30,1,1e-05,minmax,flanders,cifar,50,500,1,1
30,100,1,0,95,50,0,0,30,1,1e-05,minmax,flanders,cifar,50,500,1,1
30,100,1,0,5,50,0,10,30,1,1e-05,gaussian,krum,cifar,50,0,0,0
30,100,1,0,10,50,0,10,30,1,1e-05,gaussian,krum,cifar,50,0,0,0
30,100,1,0,20,50,0,10,30,1,1e-05,gaussian,krum,cifar,50,0,0,0
30,100,1,0,30,50,0,10,30,1,1e-05,gaussian,krum,cifar,50,0,0,0
30,100,1,0,40,50,0,10,30,1,1e-05,gaussian,krum,cifar,50,0,0,0
30,100,1,0,50,50,0,10,30,1,1e-05,gaussian,krum,cifar,50,0,0,0
30,100,1,0,60,50,0,10,30,1,1e-05,gaussian,krum,cifar,50,0,0,0
30,100,1,0,70,50,0,10,30,1,1e-05,gaussian,krum,cifar,50,0,0,0
30,100,1,0,80,50,0,10,30,1,1e-05,gaussian,krum,cifar,50,0,0,0
30,100,1,0,90,50,0,10,30,1,1e-05,gaussian,krum,cifar,50,0,0,0
30,100,1,0,95,50,0,10,30,1,1e-05,gaussian,krum,cifar,50,0,0,0
30,100,1,0,5,50,0,0,30,1,1e-05,lie,krum,cifar,50,0,0,0
30,100,1,0,10,50,0,0,30,1,1e-05,lie,krum,cifar,50,0,0,0
30,100,1,0,20,50,0,0,30,1,1e-05,lie,krum,cifar,50,0,0,0
30,100,1,0,30,50,0,0,30,1,1e-05,lie,krum,cifar,50,0,0,0
30,100,1,0,40,50,0,0,30,1,1e-05,lie,krum,cifar,50,0,0,0
30,100,1,0,50,50,0,0,30,1,1e-05,lie,krum,cifar,50,0,0,0
30,100,1,0,60,50,0,0,30,1,1e-05,lie,krum,cifar,50,0,0,0
30,100,1,0,70,50,0,0,30,1,1e-05,lie,krum,cifar,50,0,0,0
30,100,1,0,80,50,0,0,30,1,1e-05,lie,krum,cifar,50,0,0,0
30,100,1,0,90,50,0,0,30,1,1e-05,lie,krum,cifar,50,0,0,0
30,100,1,0,95,50,0,0,30,1,1e-05,lie,krum,cifar,50,0,0,0
30,100,1,0,5,50,0,0,30,1,1e-05,fang,krum,cifar,50,0,0,0
30,100,1,0,10,50,0,0,30,1,1e-05,fang,krum,cifar,50,0,0,0
30,100,1,0,20,50,0,0,30,1,1e-05,fang,krum,cifar,50,0,0,0
30,100,1,0,30,50,0,0,30,1,1e-05,fang,krum,cifar,50,0,0,0
30,100,1,0,40,50,0,0,30,1,1e-05,fang,krum,cifar,50,0,0,0
30,100,1,0,50,50,0,0,30,1,1e-05,fang,krum,cifar,50,0,0,0
30,100,1,0,60,50,0,0,30,1,1e-05,fang,krum,cifar,50,0,0,0
30,100,1,0,70,50,0,0,30,1,1e-05,fang,krum,cifar,50,0,0,0
30,100,1,0,80,50,0,0,30,1,1e-05,fang,krum,cifar,50,0,0,0
30,100,1,0,90,50,0,0,30,1,1e-05,fang,krum,cifar,50,0,0,0
30,100,1,0,95,50,0,0,30,1,1e-05,fang,krum,cifar,50,0,0,0
30,100,1,0,5,50,0,0,30,1,1e-05,minmax,krum,cifar,50,0,0,0
30,100,1,0,10,50,0,0,30,1,1e-05,minmax,krum,cifar,50,0,0,0
30,100,1,0,20,50,0,0,30,1,1e-05,minmax,krum,cifar,50,0,0,0
30,100,1,0,30,50,0,0,30,1,1e-05,minmax,krum,cifar,50,0,0,0
30,100,1,0,40,50,0,0,30,1,1e-05,minmax,krum,cifar,50,0,0,0
30,100,1,0,50,50,0,0,30,1,1e-05,minmax,krum,cifar,50,0,0,0
30,100,1,0,60,50,0,0,30,1,1e-05,minmax,krum,cifar,50,0,0,0
30,100,1,0,70,50,0,0,30,1,1e-05,minmax,krum,cifar,50,0,0,0
30,100,1,0,80,50,0,0,30,1,1e-05,minmax,krum,cifar,50,0,0,0
30,100,1,0,90,50,0,0,30,1,1e-05,minmax,krum,cifar,50,0,0,0
30,100,1,0,95,50,0,0,30,1,1e-05,minmax,krum,cifar,50,0,0,0
30,100,1,0,5,50,0,10,30,1,1e-05,gaussian,bulyan,cifar,50,0,0,0
30,100,1,0,10,50,0,10,30,1,1e-05,gaussian,bulyan,cifar,50,0,0,0
30,100,1,0,20,50,0,10,30,1,1e-05,gaussian,bulyan,cifar,50,0,0,0
30,100,1,0,30,50,0,10,30,1,1e-05,gaussian,bulyan,cifar,50,0,0,0
30,100,1,0,40,50,0,10,30,1,1e-05,gaussian,bulyan,cifar,50,0,0,0
30,100,1,0,50,50,0,10,30,1,1e-05,gaussian,bulyan,cifar,50,0,0,0
30,100,1,0,60,50,0,10,30,1,1e-05,gaussian,bulyan,cifar,50,0,0,0
30,100,1,0,70,50,0,10,30,1,1e-05,gaussian,bulyan,cifar,50,0,0,0
30,100,1,0,80,50,0,10,30,1,1e-05,gaussian,bulyan,cifar,50,0,0,0
30,100,1,0,90,50,0,10,30,1,1e-05,gaussian,bulyan,cifar,50,0,0,0
30,100,1,0,95,50,0,10,30,1,1e-05,gaussian,bulyan,cifar,50,0,0,0
30,100,1,0,5,50,0,0,30,1,1e-05,lie,bulyan,cifar,50,0,0,0
30,100,1,0,10,50,0,0,30,1,1e-05,lie,bulyan,cifar,50,0,0,0
30,100,1,0,20,50,0,0,30,1,1e-05,lie,bulyan,cifar,50,0,0,0
30,100,1,0,30,50,0,0,30,1,1e-05,lie,bulyan,cifar,50,0,0,0
30,100,1,0,40,50,0,0,30,1,1e-05,lie,bulyan,cifar,50,0,0,0
30,100,1,0,50,50,0,0,30,1,1e-05,lie,bulyan,cifar,50,0,0,0
30,100,1,0,60,50,0,0,30,1,1e-05,lie,bulyan,cifar,50,0,0,0
30,100,1,0,70,50,0,0,30,1,1e-05,lie,bulyan,cifar,50,0,0,0
30,100,1,0,80,50,0,0,30,1,1e-05,lie,bulyan,cifar,50,0,0,0
30,100,1,0,90,50,0,0,30,1,1e-05,lie,bulyan,cifar,50,0,0,0
30,100,1,0,95,50,0,0,30,1,1e-05,lie,bulyan,cifar,50,0,0,0
30,100,1,0,5,50,0,0,30,1,1e-05,fang,bulyan,cifar,50,0,0,0
30,100,1,0,10,50,0,0,30,1,1e-05,fang,bulyan,cifar,50,0,0,0
30,100,1,0,20,50,0,0,30,1,1e-05,fang,bulyan,cifar,50,0,0,0
30,100,1,0,30,50,0,0,30,1,1e-05,fang,bulyan,cifar,50,0,0,0
30,100,1,0,40,50,0,0,30,1,1e-05,fang,bulyan,cifar,50,0,0,0
30,100,1,0,50,50,0,0,30,1,1e-05,fang,bulyan,cifar,50,0,0,0
30,100,1,0,60,50,0,0,30,1,1e-05,fang,bulyan,cifar,50,0,0,0
30,100,1,0,70,50,0,0,30,1,1e-05,fang,bulyan,cifar,50,0,0,0
30,100,1,0,80,50,0,0,30,1,1e-05,fang,bulyan,cifar,50,0,0,0
30,100,1,0,90,50,0,0,30,1,1e-05,fang,bulyan,cifar,50,0,0,0
30,100,1,0,95,50,0,0,30,1,1e-05,fang,bulyan,cifar,50,0,0,0
30,100,1,0,5,50,0,0,30,1,1e-05,minmax,bulyan,cifar,50,0,0,0
30,100,1,0,10,50,0,0,30,1,1e-05,minmax,bulyan,cifar,50,0,0,0
30,100,1,0,20,50,0,0,30,1,1e-05,minmax,bulyan,cifar,50,0,0,0
30,100,1,0,30,50,0,0,30,1,1e-05,minmax,bulyan,cifar,50,0,0,0
30,100,1,0,40,50,0,0,30,1,1e-05,minmax,bulyan,cifar,50,0,0,0
30,100,1,0,50,50,0,0,30,1,1e-05,minmax,bulyan,cifar,50,0,0,0
30,100,1,0,60,50,0,0,30,1,1e-05,minmax,bulyan,cifar,50,0,0,0
30,100,1,0,70,50,0,0,30,1,1e-05,minmax,bulyan,cifar,50,0,0,0
30,100,1,0,80,50,0,0,30,1,1e-05,minmax,bulyan,cifar,50,0,0,0
30,100,1,0,90,50,0,0,30,1,1e-05,minmax,bulyan,cifar,50,0,0,0
30,100,1,0,95,50,0,0,30,1,1e-05,minmax,bulyan,cifar,50,0,0,0
30,100,1,0,5,50,0,10,30,1,1e-05,gaussian,fltrust,cifar,50,0,0,0
30,100,1,0,10,50,0,10,30,1,1e-05,gaussian,fltrust,cifar,50,0,0,0
30,100,1,0,20,50,0,10,30,1,1e-05,gaussian,fltrust,cifar,50,0,0,0
30,100,1,0,30,50,0,10,30,1,1e-05,gaussian,fltrust,cifar,50,0,0,0
30,100,1,0,40,50,0,10,30,1,1e-05,gaussian,fltrust,cifar,50,0,0,0
30,100,1,0,50,50,0,10,30,1,1e-05,gaussian,fltrust,cifar,50,0,0,0
30,100,1,0,60,50,0,10,30,1,1e-05,gaussian,fltrust,cifar,50,0,0,0
30,100,1,0,70,50,0,10,30,1,1e-05,gaussian,fltrust,cifar,50,0,0,0
30,100,1,0,80,50,0,10,30,1,1e-05,gaussian,fltrust,cifar,50,0,0,0
30,100,1,0,90,50,0,10,30,1,1e-05,gaussian,fltrust,cifar,50,0,0,0
30,100,1,0,95,50,0,10,30,1,1e-05,gaussian,fltrust,cifar,50,0,0,0
30,100,1,0,5,50,0,0,30,1,1e-05,lie,fltrust,cifar,50,0,0,0
30,100,1,0,10,50,0,0,30,1,1e-05,lie,fltrust,cifar,50,0,0,0
30,100,1,0,20,50,0,0,30,1,1e-05,lie,fltrust,cifar,50,0,0,0
30,100,1,0,30,50,0,0,30,1,1e-05,lie,fltrust,cifar,50,0,0,0
30,100,1,0,40,50,0,0,30,1,1e-05,lie,fltrust,cifar,50,0,0,0
30,100,1,0,50,50,0,0,30,1,1e-05,lie,fltrust,cifar,50,0,0,0
30,100,1,0,60,50,0,0,30,1,1e-05,lie,fltrust,cifar,50,0,0,0
30,100,1,0,70,50,0,0,30,1,1e-05,lie,fltrust,cifar,50,0,0,0
30,100,1,0,80,50,0,0,30,1,1e-05,lie,fltrust,cifar,50,0,0,0
30,100,1,0,90,50,0,0,30,1,1e-05,lie,fltrust,cifar,50,0,0,0
30,100,1,0,95,50,0,0,30,1,1e-05,lie,fltrust,cifar,50,0,0,0
30,100,1,0,5,50,0,0,30,1,1e-05,fang,fltrust,cifar,50,0,0,0
30,100,1,0,10,50,0,0,30,1,1e-05,fang,fltrust,cifar,50,0,0,0
30,100,1,0,20,50,0,0,30,1,1e-05,fang,fltrust,cifar,50,0,0,0
30,100,1,0,30,50,0,0,30,1,1e-05,fang,fltrust,cifar,50,0,0,0
30,100,1,0,40,50,0,0,30,1,1e-05,fang,fltrust,cifar,50,0,0,0
30,100,1,0,50,50,0,0,30,1,1e-05,fang,fltrust,cifar,50,0,0,0
30,100,1,0,60,50,0,0,30,1,1e-05,fang,fltrust,cifar,50,0,0,0
30,100,1,0,70,50,0,0,30,1,1e-05,fang,fltrust,cifar,50,0,0,0
30,100,1,0,80,50,0,0,30,1,1e-05,fang,fltrust,cifar,50,0,0,0
30,100,1,0,90,50,0,0,30,1,1e-05,fang,fltrust,cifar,50,0,0,0
30,100,1,0,95,50,0,0,30,1,1e-05,fang,fltrust,cifar,50,0,0,0
30,100,1,0,5,50,0,0,30,1,1e-05,minmax,fltrust,cifar,50,0,0,0
30,100,1,0,10,50,0,0,30,1,1e-05,minmax,fltrust,cifar,50,0,0,0
30,100,1,0,20,50,0,0,30,1,1e-05,minmax,fltrust,cifar,50,0,0,0
30,100,1,0,30,50,0,0,30,1,1e-05,minmax,fltrust,cifar,50,0,0,0
30,100,1,0,40,50,0,0,30,1,1e-05,minmax,fltrust,cifar,50,0,0,0
30,100,1,0,50,50,0,0,30,1,1e-05,minmax,fltrust,cifar,50,0,0,0
30,100,1,0,60,50,0,0,30,1,1e-05,minmax,fltrust,cifar,50,0,0,0
30,100,1,0,70,50,0,0,30,1,1e-05,minmax,fltrust,cifar,50,0,0,0
30,100,1,0,80,50,0,0,30,1,1e-05,minmax,fltrust,cifar,50,0,0,0
30,100,1,0,90,50,0,0,30,1,1e-05,minmax,fltrust,cifar,50,0,0,0
30,100,1,0,95,50,0,0,30,1,1e-05,minmax,fltrust,cifar,50,0,0,0
30,100,1,0,5,50,0,10,30,1,1e-05,gaussian,avg,income,50,0,0,0
30,100,1,0,10,50,0,10,30,1,1e-05,gaussian,avg,income,50,0,0,0
30,100,1,0,20,50,0,10,30,1,1e-05,gaussian,avg,income,50,0,0,0
30,100,1,0,30,50,0,10,30,1,1e-05,gaussian,avg,income,50,0,0,0
30,100,1,0,40,50,0,10,30,1,1e-05,gaussian,avg,income,50,0,0,0
30,100,1,0,50,50,0,10,30,1,1e-05,gaussian,avg,income,50,0,0,0
30,100,1,0,60,50,0,10,30,1,1e-05,gaussian,avg,income,50,0,0,0
30,100,1,0,70,50,0,10,30,1,1e-05,gaussian,avg,income,50,0,0,0
30,100,1,0,80,50,0,10,30,1,1e-05,gaussian,avg,income,50,0,0,0
30,100,1,0,90,50,0,10,30,1,1e-05,gaussian,avg,income,50,0,0,0
30,100,1,0,95,50,0,10,30,1,1e-05,gaussian,avg,income,50,0,0,0
30,100,1,0,5,50,0,0,30,1,1e-05,lie,avg,income,50,0,0,0
30,100,1,0,10,50,0,0,30,1,1e-05,lie,avg,income,50,0,0,0
30,100,1,0,20,50,0,0,30,1,1e-05,lie,avg,income,50,0,0,0
30,100,1,0,30,50,0,0,30,1,1e-05,lie,avg,income,50,0,0,0
30,100,1,0,40,50,0,0,30,1,1e-05,lie,avg,income,50,0,0,0
30,100,1,0,50,50,0,0,30,1,1e-05,lie,avg,income,50,0,0,0
30,100,1,0,60,50,0,0,30,1,1e-05,lie,avg,income,50,0,0,0
30,100,1,0,70,50,0,0,30,1,1e-05,lie,avg,income,50,0,0,0
30,100,1,0,80,50,0,0,30,1,1e-05,lie,avg,income,50,0,0,0
30,100,1,0,90,50,0,0,30,1,1e-05,lie,avg,income,50,0,0,0
30,100,1,0,95,50,0,0,30,1,1e-05,lie,avg,income,50,0,0,0
30,100,1,0,5,50,0,0,30,1,1e-05,fang,avg,income,50,0,0,0
30,100,1,0,10,50,0,0,30,1,1e-05,fang,avg,income,50,0,0,0
30,100,1,0,20,50,0,0,30,1,1e-05,fang,avg,income,50,0,0,0
30,100,1,0,30,50,0,0,30,1,1e-05,fang,avg,income,50,0,0,0
30,100,1,0,40,50,0,0,30,1,1e-05,fang,avg,income,50,0,0,0
30,100,1,0,50,50,0,0,30,1,1e-05,fang,avg,income,50,0,0,0
30,100,1,0,60,50,0,0,30,1,1e-05,fang,avg,income,50,0,0,0
30,100,1,0,70,50,0,0,30,1,1e-05,fang,avg,income,50,0,0,0
30,100,1,0,80,50,0,0,30,1,1e-05,fang,avg,income,50,0,0,0
30,100,1,0,90,50,0,0,30,1,1e-05,fang,avg,income,50,0,0,0
30,100,1,0,95,50,0,0,30,1,1e-05,fang,avg,income,50,0,0,0
30,100,1,0,5,50,0,0,30,1,1e-05,minmax,avg,income,50,0,0,0
30,100,1,0,10,50,0,0,30,1,1e-05,minmax,avg,income,50,0,0,0
30,100,1,0,20,50,0,0,30,1,1e-05,minmax,avg,income,50,0,0,0
30,100,1,0,30,50,0,0,30,1,1e-05,minmax,avg,income,50,0,0,0
30,100,1,0,40,50,0,0,30,1,1e-05,minmax,avg,income,50,0,0,0
30,100,1,0,50,50,0,0,30,1,1e-05,minmax,avg,income,50,0,0,0
30,100,1,0,60,50,0,0,30,1,1e-05,minmax,avg,income,50,0,0,0
30,100,1,0,70,50,0,0,30,1,1e-05,minmax,avg,income,50,0,0,0
30,100,1,0,80,50,0,0,30,1,1e-05,minmax,avg,income,50,0,0,0
30,100,1,0,90,50,0,0,30,1,1e-05,minmax,avg,income,50,0,0,0
30,100,1,0,95,50,0,0,30,1,1e-05,minmax,avg,income,50,0,0,0
30,100,1,0,5,50,0,10,30,1,1e-05,gaussian,median,income,50,0,0,0
30,100,1,0,10,50,0,10,30,1,1e-05,gaussian,median,income,50,0,0,0
30,100,1,0,20,50,0,10,30,1,1e-05,gaussian,median,income,50,0,0,0
30,100,1,0,30,50,0,10,30,1,1e-05,gaussian,median,income,50,0,0,0
30,100,1,0,40,50,0,10,30,1,1e-05,gaussian,median,income,50,0,0,0
30,100,1,0,50,50,0,10,30,1,1e-05,gaussian,median,income,50,0,0,0
30,100,1,0,60,50,0,10,30,1,1e-05,gaussian,median,income,50,0,0,0
30,100,1,0,70,50,0,10,30,1,1e-05,gaussian,median,income,50,0,0,0
30,100,1,0,80,50,0,10,30,1,1e-05,gaussian,median,income,50,0,0,0
30,100,1,0,90,50,0,10,30,1,1e-05,gaussian,median,income,50,0,0,0
30,100,1,0,95,50,0,10,30,1,1e-05,gaussian,median,income,50,0,0,0
30,100,1,0,5,50,0,0,30,1,1e-05,lie,median,income,50,0,0,0
30,100,1,0,10,50,0,0,30,1,1e-05,lie,median,income,50,0,0,0
30,100,1,0,20,50,0,0,30,1,1e-05,lie,median,income,50,0,0,0
30,100,1,0,30,50,0,0,30,1,1e-05,lie,median,income,50,0,0,0
30,100,1,0,40,50,0,0,30,1,1e-05,lie,median,income,50,0,0,0
30,100,1,0,50,50,0,0,30,1,1e-05,lie,median,income,50,0,0,0
30,100,1,0,60,50,0,0,30,1,1e-05,lie,median,income,50,0,0,0
30,100,1,0,70,50,0,0,30,1,1e-05,lie,median,income,50,0,0,0
30,100,1,0,80,50,0,0,30,1,1e-05,lie,median,income,50,0,0,0
30,100,1,0,90,50,0,0,30,1,1e-05,lie,median,income,50,0,0,0
30,100,1,0,95,50,0,0,30,1,1e-05,lie,median,income,50,0,0,0
30,100,1,0,5,50,0,0,30,1,1e-05,fang,median,income,50,0,0,0
30,100,1,0,10,50,0,0,30,1,1e-05,fang,median,income,50,0,0,0
30,100,1,0,20,50,0,0,30,1,1e-05,fang,median,income,50,0,0,0
30,100,1,0,30,50,0,0,30,1,1e-05,fang,median,income,50,0,0,0
30,100,1,0,40,50,0,0,30,1,1e-05,fang,median,income,50,0,0,0
30,100,1,0,50,50,0,0,30,1,1e-05,fang,median,income,50,0,0,0
30,100,1,0,60,50,0,0,30,1,1e-05,fang,median,income,50,0,0,0
30,100,1,0,70,50,0,0,30,1,1e-05,fang,median,income,50,0,0,0
30,100,1,0,80,50,0,0,30,1,1e-05,fang,median,income,50,0,0,0
30,100,1,0,90,50,0,0,30,1,1e-05,fang,median,income,50,0,0,0
30,100,1,0,95,50,0,0,30,1,1e-05,fang,median,income,50,0,0,0
30,100,1,0,5,50,0,0,30,1,1e-05,minmax,median,income,50,0,0,0
30,100,1,0,10,50,0,0,30,1,1e-05,minmax,median,income,50,0,0,0
30,100,1,0,20,50,0,0,30,1,1e-05,minmax,median,income,50,0,0,0
30,100,1,0,30,50,0,0,30,1,1e-05,minmax,median,income,50,0,0,0
30,100,1,0,40,50,0,0,30,1,1e-05,minmax,median,income,50,0,0,0
30,100,1,0,50,50,0,0,30,1,1e-05,minmax,median,income,50,0,0,0
30,100,1,0,60,50,0,0,30,1,1e-05,minmax,median,income,50,0,0,0
30,100,1,0,70,50,0,0,30,1,1e-05,minmax,median,income,50,0,0,0
30,100,1,0,80,50,0,0,30,1,1e-05,minmax,median,income,50,0,0,0
30,100,1,0,90,50,0,0,30,1,1e-05,minmax,median,income,50,0,0,0
30,100,1,0,95,50,0,0,30,1,1e-05,minmax,median,income,50,0,0,0
30,100,1,0,5,50,0,10,30,1,1e-05,gaussian,trimmedmean,income,50,0,0,0
30,100,1,0,10,50,0,10,30,1,1e-05,gaussian,trimmedmean,income,50,0,0,0
30,100,1,0,20,50,0,10,30,1,1e-05,gaussian,trimmedmean,income,50,0,0,0
30,100,1,0,30,50,0,10,30,1,1e-05,gaussian,trimmedmean,income,50,0,0,0
30,100,1,0,40,50,0,10,30,1,1e-05,gaussian,trimmedmean,income,50,0,0,0
30,100,1,0,50,50,0,10,30,1,1e-05,gaussian,trimmedmean,income,50,0,0,0
30,100,1,0,60,50,0,10,30,1,1e-05,gaussian,trimmedmean,income,50,0,0,0
30,100,1,0,70,50,0,10,30,1,1e-05,gaussian,trimmedmean,income,50,0,0,0
30,100,1,0,80,50,0,10,30,1,1e-05,gaussian,trimmedmean,income,50,0,0,0
30,100,1,0,90,50,0,10,30,1,1e-05,gaussian,trimmedmean,income,50,0,0,0
30,100,1,0,95,50,0,10,30,1,1e-05,gaussian,trimmedmean,income,50,0,0,0
30,100,1,0,5,50,0,0,30,1,1e-05,lie,trimmedmean,income,50,0,0,0
30,100,1,0,10,50,0,0,30,1,1e-05,lie,trimmedmean,income,50,0,0,0
30,100,1,0,20,50,0,0,30,1,1e-05,lie,trimmedmean,income,50,0,0,0
30,100,1,0,30,50,0,0,30,1,1e-05,lie,trimmedmean,income,50,0,0,0
30,100,1,0,40,50,0,0,30,1,1e-05,lie,trimmedmean,income,50,0,0,0
30,100,1,0,50,50,0,0,30,1,1e-05,lie,trimmedmean,income,50,0,0,0
30,100,1,0,60,50,0,0,30,1,1e-05,lie,trimmedmean,income,50,0,0,0
30,100,1,0,70,50,0,0,30,1,1e-05,lie,trimmedmean,income,50,0,0,0
30,100,1,0,80,50,0,0,30,1,1e-05,lie,trimmedmean,income,50,0,0,0
30,100,1,0,90,50,0,0,30,1,1e-05,lie,trimmedmean,income,50,0,0,0
30,100,1,0,95,50,0,0,30,1,1e-05,lie,trimmedmean,income,50,0,0,0
30,100,1,0,5,50,0,0,30,1,1e-05,fang,trimmedmean,income,50,0,0,0
30,100,1,0,10,50,0,0,30,1,1e-05,fang,trimmedmean,income,50,0,0,0
30,100,1,0,20,50,0,0,30,1,1e-05,fang,trimmedmean,income,50,0,0,0
30,100,1,0,30,50,0,0,30,1,1e-05,fang,trimmedmean,income,50,0,0,0
30,100,1,0,40,50,0,0,30,1,1e-05,fang,trimmedmean,income,50,0,0,0
30,100,1,0,50,50,0,0,30,1,1e-05,fang,trimmedmean,income,50,0,0,0
30,100,1,0,60,50,0,0,30,1,1e-05,fang,trimmedmean,income,50,0,0,0
30,100,1,0,70,50,0,0,30,1,1e-05,fang,trimmedmean,income,50,0,0,0
30,100,1,0,80,50,0,0,30,1,1e-05,fang,trimmedmean,income,50,0,0,0
30,100,1,0,90,50,0,0,30,1,1e-05,fang,trimmedmean,income,50,0,0,0
30,100,1,0,95,50,0,0,30,1,1e-05,fang,trimmedmean,income,50,0,0,0
30,100,1,0,5,50,0,0,30,1,1e-05,minmax,trimmedmean,income,50,0,0,0
30,100,1,0,10,50,0,0,30,1,1e-05,minmax,trimmedmean,income,50,0,0,0
30,100,1,0,20,50,0,0,30,1,1e-05,minmax,trimmedmean,income,50,0,0,0
30,100,1,0,30,50,0,0,30,1,1e-05,minmax,trimmedmean,income,50,0,0,0
30,100,1,0,40,50,0,0,30,1,1e-05,minmax,trimmedmean,income,50,0,0,0
30,100,1,0,50,50,0,0,30,1,1e-05,minmax,trimmedmean,income,50,0,0,0
30,100,1,0,60,50,0,0,30,1,1e-05,minmax,trimmedmean,income,50,0,0,0
30,100,1,0,70,50,0,0,30,1,1e-05,minmax,trimmedmean,income,50,0,0,0
30,100,1,0,80,50,0,0,30,1,1e-05,minmax,trimmedmean,income,50,0,0,0
30,100,1,0,90,50,0,0,30,1,1e-05,minmax,trimmedmean,income,50,0,0,0
30,100,1,0,95,50,0,0,30,1,1e-05,minmax,trimmedmean,income,50,0,0,0
30,100,1,0,5,50,0,10,30,1,1e-05,gaussian,flanders,income,50,0,1,1
30,100,1,0,10,50,0,10,30,1,1e-05,gaussian,flanders,income,50,0,1,1
30,100,1,0,20,50,0,10,30,1,1e-05,gaussian,flanders,income,50,0,1,1
30,100,1,0,30,50,0,10,30,1,1e-05,gaussian,flanders,income,50,0,1,1
30,100,1,0,40,50,0,10,30,1,1e-05,gaussian,flanders,income,50,0,1,1
30,100,1,0,50,50,0,10,30,1,1e-05,gaussian,flanders,income,50,0,1,1
30,100,1,0,60,50,0,10,30,1,1e-05,gaussian,flanders,income,50,0,1,1
30,100,1,0,70,50,0,10,30,1,1e-05,gaussian,flanders,income,50,0,1,1
30,100,1,0,80,50,0,10,30,1,1e-05,gaussian,flanders,income,50,0,1,1
30,100,1,0,90,50,0,10,30,1,1e-05,gaussian,flanders,income,50,0,1,1
30,100,1,0,95,50,0,10,30,1,1e-05,gaussian,flanders,income,50,0,1,1
30,100,1,0,5,50,0,0,30,1,1e-05,lie,flanders,income,50,0,1,1
30,100,1,0,10,50,0,0,30,1,1e-05,lie,flanders,income,50,0,1,1
30,100,1,0,20,50,0,0,30,1,1e-05,lie,flanders,income,50,0,1,1
30,100,1,0,30,50,0,0,30,1,1e-05,lie,flanders,income,50,0,1,1
30,100,1,0,40,50,0,0,30,1,1e-05,lie,flanders,income,50,0,1,1
30,100,1,0,50,50,0,0,30,1,1e-05,lie,flanders,income,50,0,1,1
30,100,1,0,60,50,0,0,30,1,1e-05,lie,flanders,income,50,0,1,1
30,100,1,0,70,50,0,0,30,1,1e-05,lie,flanders,income,50,0,1,1
30,100,1,0,80,50,0,0,30,1,1e-05,lie,flanders,income,50,0,1,1
30,100,1,0,90,50,0,0,30,1,1e-05,lie,flanders,income,50,0,1,1
30,100,1,0,95,50,0,0,30,1,1e-05,lie,flanders,income,50,0,1,1
30,100,1,0,5,50,0,0,30,1,1e-05,fang,flanders,income,50,0,1,1
30,100,1,0,10,50,0,0,30,1,1e-05,fang,flanders,income,50,0,1,1
30,100,1,0,20,50,0,0,30,1,1e-05,fang,flanders,income,50,0,1,1
30,100,1,0,30,50,0,0,30,1,1e-05,fang,flanders,income,50,0,1,1
30,100,1,0,40,50,0,0,30,1,1e-05,fang,flanders,income,50,0,1,1
30,100,1,0,50,50,0,0,30,1,1e-05,fang,flanders,income,50,0,1,1
30,100,1,0,60,50,0,0,30,1,1e-05,fang,flanders,income,50,0,1,1
30,100,1,0,70,50,0,0,30,1,1e-05,fang,flanders,income,50,0,1,1
30,100,1,0,80,50,0,0,30,1,1e-05,fang,flanders,income,50,0,1,1
30,100,1,0,90,50,0,0,30,1,1e-05,fang,flanders,income,50,0,1,1
30,100,1,0,95,50,0,0,30,1,1e-05,fang,flanders,income,50,0,1,1
30,100,1,0,5,50,0,0,30,1,1e-05,minmax,flanders,income,50,0,1,1
30,100,1,0,10,50,0,0,30,1,1e-05,minmax,flanders,income,50,0,1,1
30,100,1,0,20,50,0,0,30,1,1e-05,minmax,flanders,income,50,0,1,1
30,100,1,0,30,50,0,0,30,1,1e-05,minmax,flanders,income,50,0,1,1
30,100,1,0,40,50,0,0,30,1,1e-05,minmax,flanders,income,50,0,1,1
30,100,1,0,50,50,0,0,30,1,1e-05,minmax,flanders,income,50,0,1,1
30,100,1,0,60,50,0,0,30,1,1e-05,minmax,flanders,income,50,0,1,1
30,100,1,0,70,50,0,0,30,1,1e-05,minmax,flanders,income,50,0,1,1
30,100,1,0,80,50,0,0,30,1,1e-05,minmax,flanders,income,50,0,1,1
30,100,1,0,90,50,0,0,30,1,1e-05,minmax,flanders,income,50,0,1,1
30,100,1,0,95,50,0,0,30,1,1e-05,minmax,flanders,income,50,0,1,1
30,100,1,0,5,50,0,10,30,1,1e-05,gaussian,krum,income,50,0,0,0
30,100,1,0,10,50,0,10,30,1,1e-05,gaussian,krum,income,50,0,0,0
30,100,1,0,20,50,0,10,30,1,1e-05,gaussian,krum,income,50,0,0,0
30,100,1,0,30,50,0,10,30,1,1e-05,gaussian,krum,income,50,0,0,0
30,100,1,0,40,50,0,10,30,1,1e-05,gaussian,krum,income,50,0,0,0
30,100,1,0,50,50,0,10,30,1,1e-05,gaussian,krum,income,50,0,0,0
30,100,1,0,60,50,0,10,30,1,1e-05,gaussian,krum,income,50,0,0,0
30,100,1,0,70,50,0,10,30,1,1e-05,gaussian,krum,income,50,0,0,0
30,100,1,0,80,50,0,10,30,1,1e-05,gaussian,krum,income,50,0,0,0
30,100,1,0,90,50,0,10,30,1,1e-05,gaussian,krum,income,50,0,0,0
30,100,1,0,95,50,0,10,30,1,1e-05,gaussian,krum,income,50,0,0,0
30,100,1,0,5,50,0,0,30,1,1e-05,lie,krum,income,50,0,0,0
30,100,1,0,10,50,0,0,30,1,1e-05,lie,krum,income,50,0,0,0
30,100,1,0,20,50,0,0,30,1,1e-05,lie,krum,income,50,0,0,0
30,100,1,0,30,50,0,0,30,1,1e-05,lie,krum,income,50,0,0,0
30,100,1,0,40,50,0,0,30,1,1e-05,lie,krum,income,50,0,0,0
30,100,1,0,50,50,0,0,30,1,1e-05,lie,krum,income,50,0,0,0
30,100,1,0,60,50,0,0,30,1,1e-05,lie,krum,income,50,0,0,0
30,100,1,0,70,50,0,0,30,1,1e-05,lie,krum,income,50,0,0,0
30,100,1,0,80,50,0,0,30,1,1e-05,lie,krum,income,50,0,0,0
30,100,1,0,90,50,0,0,30,1,1e-05,lie,krum,income,50,0,0,0
30,100,1,0,95,50,0,0,30,1,1e-05,lie,krum,income,50,0,0,0
30,100,1,0,5,50,0,0,30,1,1e-05,fang,krum,income,50,0,0,0
30,100,1,0,10,50,0,0,30,1,1e-05,fang,krum,income,50,0,0,0
30,100,1,0,20,50,0,0,30,1,1e-05,fang,krum,income,50,0,0,0
30,100,1,0,30,50,0,0,30,1,1e-05,fang,krum,income,50,0,0,0
30,100,1,0,40,50,0,0,30,1,1e-05,fang,krum,income,50,0,0,0
30,100,1,0,50,50,0,0,30,1,1e-05,fang,krum,income,50,0,0,0
30,100,1,0,60,50,0,0,30,1,1e-05,fang,krum,income,50,0,0,0
30,100,1,0,70,50,0,0,30,1,1e-05,fang,krum,income,50,0,0,0
30,100,1,0,80,50,0,0,30,1,1e-05,fang,krum,income,50,0,0,0
30,100,1,0,90,50,0,0,30,1,1e-05,fang,krum,income,50,0,0,0
30,100,1,0,95,50,0,0,30,1,1e-05,fang,krum,income,50,0,0,0
30,100,1,0,5,50,0,0,30,1,1e-05,minmax,krum,income,50,0,0,0
30,100,1,0,10,50,0,0,30,1,1e-05,minmax,krum,income,50,0,0,0
30,100,1,0,20,50,0,0,30,1,1e-05,minmax,krum,income,50,0,0,0
30,100,1,0,30,50,0,0,30,1,1e-05,minmax,krum,income,50,0,0,0
30,100,1,0,40,50,0,0,30,1,1e-05,minmax,krum,income,50,0,0,0
30,100,1,0,50,50,0,0,30,1,1e-05,minmax,krum,income,50,0,0,0
30,100,1,0,60,50,0,0,30,1,1e-05,minmax,krum,income,50,0,0,0
30,100,1,0,70,50,0,0,30,1,1e-05,minmax,krum,income,50,0,0,0
30,100,1,0,80,50,0,0,30,1,1e-05,minmax,krum,income,50,0,0,0
30,100,1,0,90,50,0,0,30,1,1e-05,minmax,krum,income,50,0,0,0
30,100,1,0,95,50,0,0,30,1,1e-05,minmax,krum,income,50,0,0,0
30,100,1,0,5,50,0,10,30,1,1e-05,gaussian,bulyan,income,50,0,0,0
30,100,1,0,10,50,0,10,30,1,1e-05,gaussian,bulyan,income,50,0,0,0
30,100,1,0,20,50,0,10,30,1,1e-05,gaussian,bulyan,income,50,0,0,0
30,100,1,0,30,50,0,10,30,1,1e-05,gaussian,bulyan,income,50,0,0,0
30,100,1,0,40,50,0,10,30,1,1e-05,gaussian,bulyan,income,50,0,0,0
30,100,1,0,50,50,0,10,30,1,1e-05,gaussian,bulyan,income,50,0,0,0
30,100,1,0,60,50,0,10,30,1,1e-05,gaussian,bulyan,income,50,0,0,0
30,100,1,0,70,50,0,10,30,1,1e-05,gaussian,bulyan,income,50,0,0,0
30,100,1,0,80,50,0,10,30,1,1e-05,gaussian,bulyan,income,50,0,0,0
30,100,1,0,90,50,0,10,30,1,1e-05,gaussian,bulyan,income,50,0,0,0
30,100,1,0,95,50,0,10,30,1,1e-05,gaussian,bulyan,income,50,0,0,0
30,100,1,0,5,50,0,0,30,1,1e-05,lie,bulyan,income,50,0,0,0
30,100,1,0,10,50,0,0,30,1,1e-05,lie,bulyan,income,50,0,0,0
30,100,1,0,20,50,0,0,30,1,1e-05,lie,bulyan,income,50,0,0,0
30,100,1,0,30,50,0,0,30,1,1e-05,lie,bulyan,income,50,0,0,0
30,100,1,0,40,50,0,0,30,1,1e-05,lie,bulyan,income,50,0,0,0
30,100,1,0,50,50,0,0,30,1,1e-05,lie,bulyan,income,50,0,0,0
30,100,1,0,60,50,0,0,30,1,1e-05,lie,bulyan,income,50,0,0,0
30,100,1,0,70,50,0,0,30,1,1e-05,lie,bulyan,income,50,0,0,0
30,100,1,0,80,50,0,0,30,1,1e-05,lie,bulyan,income,50,0,0,0
30,100,1,0,90,50,0,0,30,1,1e-05,lie,bulyan,income,50,0,0,0
30,100,1,0,95,50,0,0,30,1,1e-05,lie,bulyan,income,50,0,0,0
30,100,1,0,5,50,0,0,30,1,1e-05,fang,bulyan,income,50,0,0,0
30,100,1,0,10,50,0,0,30,1,1e-05,fang,bulyan,income,50,0,0,0
30,100,1,0,20,50,0,0,30,1,1e-05,fang,bulyan,income,50,0,0,0
30,100,1,0,30,50,0,0,30,1,1e-05,fang,bulyan,income,50,0,0,0
30,100,1,0,40,50,0,0,30,1,1e-05,fang,bulyan,income,50,0,0,0
30,100,1,0,50,50,0,0,30,1,1e-05,fang,bulyan,income,50,0,0,0
30,100,1,0,60,50,0,0,30,1,1e-05,fang,bulyan,income,50,0,0,0
30,100,1,0,70,50,0,0,30,1,1e-05,fang,bulyan,income,50,0,0,0
30,100,1,0,80,50,0,0,30,1,1e-05,fang,bulyan,income,50,0,0,0
30,100,1,0,90,50,0,0,30,1,1e-05,fang,bulyan,income,50,0,0,0
30,100,1,0,95,50,0,0,30,1,1e-05,fang,bulyan,income,50,0,0,0
30,100,1,0,5,50,0,0,30,1,1e-05,minmax,bulyan,income,50,0,0,0
30,100,1,0,10,50,0,0,30,1,1e-05,minmax,bulyan,income,50,0,0,0
30,100,1,0,20,50,0,0,30,1,1e-05,minmax,bulyan,income,50,0,0,0
30,100,1,0,30,50,0,0,30,1,1e-05,minmax,bulyan,income,50,0,0,0
30,100,1,0,40,50,0,0,30,1,1e-05,minmax,bulyan,income,50,0,0,0
30,100,1,0,50,50,0,0,30,1,1e-05,minmax,bulyan,income,50,0,0,0
30,100,1,0,60,50,0,0,30,1,1e-05,minmax,bulyan,income,50,0,0,0
30,100,1,0,70,50,0,0,30,1,1e-05,minmax,bulyan,income,50,0,0,0
30,100,1,0,80,50,0,0,30,1,1e-05,minmax,bulyan,income,50,0,0,0
30,100,1,0,90,50,0,0,30,1,1e-05,minmax,bulyan,income,50,0,0,0
30,100,1,0,95,50,0,0,30,1,1e-05,minmax,bulyan,income,50,0,0,0
30,100,1,0,5,50,0,10,30,1,1e-05,gaussian,fltrust,income,50,0,0,0
30,100,1,0,10,50,0,10,30,1,1e-05,gaussian,fltrust,income,50,0,0,0
30,100,1,0,20,50,0,10,30,1,1e-05,gaussian,fltrust,income,50,0,0,0
30,100,1,0,30,50,0,10,30,1,1e-05,gaussian,fltrust,income,50,0,0,0
30,100,1,0,40,50,0,10,30,1,1e-05,gaussian,fltrust,income,50,0,0,0
30,100,1,0,50,50,0,10,30,1,1e-05,gaussian,fltrust,income,50,0,0,0
30,100,1,0,60,50,0,10,30,1,1e-05,gaussian,fltrust,income,50,0,0,0
30,100,1,0,70,50,0,10,30,1,1e-05,gaussian,fltrust,income,50,0,0,0
30,100,1,0,80,50,0,10,30,1,1e-05,gaussian,fltrust,income,50,0,0,0
30,100,1,0,90,50,0,10,30,1,1e-05,gaussian,fltrust,income,50,0,0,0
30,100,1,0,95,50,0,10,30,1,1e-05,gaussian,fltrust,income,50,0,0,0
30,100,1,0,5,50,0,0,30,1,1e-05,lie,fltrust,income,50,0,0,0
30,100,1,0,10,50,0,0,30,1,1e-05,lie,fltrust,income,50,0,0,0
30,100,1,0,20,50,0,0,30,1,1e-05,lie,fltrust,income,50,0,0,0
30,100,1,0,30,50,0,0,30,1,1e-05,lie,fltrust,income,50,0,0,0
30,100,1,0,40,50,0,0,30,1,1e-05,lie,fltrust,income,50,0,0,0
30,100,1,0,50,50,0,0,30,1,1e-05,lie,fltrust,income,50,0,0,0
30,100,1,0,60,50,0,0,30,1,1e-05,lie,fltrust,income,50,0,0,0
30,100,1,0,70,50,0,0,30,1,1e-05,lie,fltrust,income,50,0,0,0
30,100,1,0,80,50,0,0,30,1,1e-05,lie,fltrust,income,50,0,0,0
30,100,1,0,90,50,0,0,30,1,1e-05,lie,fltrust,income,50,0,0,0
30,100,1,0,95,50,0,0,30,1,1e-05,lie,fltrust,income,50,0,0,0
30,100,1,0,5,50,0,0,30,1,1e-05,fang,fltrust,income,50,0,0,0
30,100,1,0,10,50,0,0,30,1,1e-05,fang,fltrust,income,50,0,0,0
30,100,1,0,20,50,0,0,30,1,1e-05,fang,fltrust,income,50,0,0,0
30,100,1,0,30,50,0,0,30,1,1e-05,fang,fltrust,income,50,0,0,0
30,100,1,0,40,50,0,0,30,1,1e-05,fang,fltrust,income,50,0,0,0
30,100,1,0,50,50,0,0,30,1,1e-05,fang,fltrust,income,50,0,0,0
30,100,1,0,60,50,0,0,30,1,1e-05,fang,fltrust,income,50,0,0,0
30,100,1,0,70,50,0,0,30,1,1e-05,fang,fltrust,income,50,0,0,0
30,100,1,0,80,50,0,0,30,1,1e-05,fang,fltrust,income,50,0,0,0
30,100,1,0,90,50,0,0,30,1,1e-05,fang,fltrust,income,50,0,0,0
30,100,1,0,95,50,0,0,30,1,1e-05,fang,fltrust,income,50,0,0,0
30,100,1,0,5,50,0,0,30,1,1e-05,minmax,fltrust,income,50,0,0,0
30,100,1,0,10,50,0,0,30,1,1e-05,minmax,fltrust,income,50,0,0,0
30,100,1,0,20,50,0,0,30,1,1e-05,minmax,fltrust,income,50,0,0,0
30,100,1,0,30,50,0,0,30,1,1e-05,minmax,fltrust,income,50,0,0,0
30,100,1,0,40,50,0,0,30,1,1e-05,minmax,fltrust,income,50,0,0,0
30,100,1,0,50,50,0,0,30,1,1e-05,minmax,fltrust,income,50,0,0,0
30,100,1,0,60,50,0,0,30,1,1e-05,minmax,fltrust,income,50,0,0,0
30,100,1,0,70,50,0,0,30,1,1e-05,minmax,fltrust,income,50,0,0,0
30,100,1,0,80,50,0,0,30,1,1e-05,minmax,fltrust,income,50,0,0,0
30,100,1,0,90,50,0,0,30,1,1e-05,minmax,fltrust,income,50,0,0,0
30,100,1,0,95,50,0,0,30,1,1e-05,minmax,fltrust,income,50,0,0,0
30,100,1,0,5,50,0,10,30,1,1e-05,gaussian,avg,house,50,0,0,0
30,100,1,0,10,50,0,10,30,1,1e-05,gaussian,avg,house,50,0,0,0
30,100,1,0,20,50,0,10,30,1,1e-05,gaussian,avg,house,50,0,0,0
30,100,1,0,30,50,0,10,30,1,1e-05,gaussian,avg,house,50,0,0,0
30,100,1,0,40,50,0,10,30,1,1e-05,gaussian,avg,house,50,0,0,0
30,100,1,0,50,50,0,10,30,1,1e-05,gaussian,avg,house,50,0,0,0
30,100,1,0,60,50,0,10,30,1,1e-05,gaussian,avg,house,50,0,0,0
30,100,1,0,70,50,0,10,30,1,1e-05,gaussian,avg,house,50,0,0,0
30,100,1,0,80,50,0,10,30,1,1e-05,gaussian,avg,house,50,0,0,0
30,100,1,0,90,50,0,10,30,1,1e-05,gaussian,avg,house,50,0,0,0
30,100,1,0,95,50,0,10,30,1,1e-05,gaussian,avg,house,50,0,0,0
30,100,1,0,5,50,0,0,30,1,1e-05,lie,avg,house,50,0,0,0
30,100,1,0,10,50,0,0,30,1,1e-05,lie,avg,house,50,0,0,0
30,100,1,0,20,50,0,0,30,1,1e-05,lie,avg,house,50,0,0,0
30,100,1,0,30,50,0,0,30,1,1e-05,lie,avg,house,50,0,0,0
30,100,1,0,40,50,0,0,30,1,1e-05,lie,avg,house,50,0,0,0
30,100,1,0,50,50,0,0,30,1,1e-05,lie,avg,house,50,0,0,0
30,100,1,0,60,50,0,0,30,1,1e-05,lie,avg,house,50,0,0,0
30,100,1,0,70,50,0,0,30,1,1e-05,lie,avg,house,50,0,0,0
30,100,1,0,80,50,0,0,30,1,1e-05,lie,avg,house,50,0,0,0
30,100,1,0,90,50,0,0,30,1,1e-05,lie,avg,house,50,0,0,0
30,100,1,0,95,50,0,0,30,1,1e-05,lie,avg,house,50,0,0,0
30,100,1,0,5,50,0,0,30,1,1e-05,fang,avg,house,50,0,0,0
30,100,1,0,10,50,0,0,30,1,1e-05,fang,avg,house,50,0,0,0
30,100,1,0,20,50,0,0,30,1,1e-05,fang,avg,house,50,0,0,0
30,100,1,0,30,50,0,0,30,1,1e-05,fang,avg,house,50,0,0,0
30,100,1,0,40,50,0,0,30,1,1e-05,fang,avg,house,50,0,0,0
30,100,1,0,50,50,0,0,30,1,1e-05,fang,avg,house,50,0,0,0
30,100,1,0,60,50,0,0,30,1,1e-05,fang,avg,house,50,0,0,0
30,100,1,0,70,50,0,0,30,1,1e-05,fang,avg,house,50,0,0,0
30,100,1,0,80,50,0,0,30,1,1e-05,fang,avg,house,50,0,0,0
30,100,1,0,90,50,0,0,30,1,1e-05,fang,avg,house,50,0,0,0
30,100,1,0,95,50,0,0,30,1,1e-05,fang,avg,house,50,0,0,0
30,100,1,0,5,50,0,0,30,1,1e-05,minmax,avg,house,50,0,0,0
30,100,1,0,10,50,0,0,30,1,1e-05,minmax,avg,house,50,0,0,0
30,100,1,0,20,50,0,0,30,1,1e-05,minmax,avg,house,50,0,0,0
30,100,1,0,30,50,0,0,30,1,1e-05,minmax,avg,house,50,0,0,0
30,100,1,0,40,50,0,0,30,1,1e-05,minmax,avg,house,50,0,0,0
30,100,1,0,50,50,0,0,30,1,1e-05,minmax,avg,house,50,0,0,0
30,100,1,0,60,50,0,0,30,1,1e-05,minmax,avg,house,50,0,0,0
30,100,1,0,70,50,0,0,30,1,1e-05,minmax,avg,house,50,0,0,0
30,100,1,0,80,50,0,0,30,1,1e-05,minmax,avg,house,50,0,0,0
30,100,1,0,90,50,0,0,30,1,1e-05,minmax,avg,house,50,0,0,0
30,100,1,0,95,50,0,0,30,1,1e-05,minmax,avg,house,50,0,0,0
30,100,1,0,5,50,0,10,30,1,1e-05,gaussian,median,house,50,0,0,0
30,100,1,0,10,50,0,10,30,1,1e-05,gaussian,median,house,50,0,0,0
30,100,1,0,20,50,0,10,30,1,1e-05,gaussian,median,house,50,0,0,0
30,100,1,0,30,50,0,10,30,1,1e-05,gaussian,median,house,50,0,0,0
30,100,1,0,40,50,0,10,30,1,1e-05,gaussian,median,house,50,0,0,0
30,100,1,0,50,50,0,10,30,1,1e-05,gaussian,median,house,50,0,0,0
30,100,1,0,60,50,0,10,30,1,1e-05,gaussian,median,house,50,0,0,0
30,100,1,0,70,50,0,10,30,1,1e-05,gaussian,median,house,50,0,0,0
30,100,1,0,80,50,0,10,30,1,1e-05,gaussian,median,house,50,0,0,0
30,100,1,0,90,50,0,10,30,1,1e-05,gaussian,median,house,50,0,0,0
30,100,1,0,95,50,0,10,30,1,1e-05,gaussian,median,house,50,0,0,0
30,100,1,0,5,50,0,0,30,1,1e-05,lie,median,house,50,0,0,0
30,100,1,0,10,50,0,0,30,1,1e-05,lie,median,house,50,0,0,0
30,100,1,0,20,50,0,0,30,1,1e-05,lie,median,house,50,0,0,0
30,100,1,0,30,50,0,0,30,1,1e-05,lie,median,house,50,0,0,0
30,100,1,0,40,50,0,0,30,1,1e-05,lie,median,house,50,0,0,0
30,100,1,0,50,50,0,0,30,1,1e-05,lie,median,house,50,0,0,0
30,100,1,0,60,50,0,0,30,1,1e-05,lie,median,house,50,0,0,0
30,100,1,0,70,50,0,0,30,1,1e-05,lie,median,house,50,0,0,0
30,100,1,0,80,50,0,0,30,1,1e-05,lie,median,house,50,0,0,0
30,100,1,0,90,50,0,0,30,1,1e-05,lie,median,house,50,0,0,0
30,100,1,0,95,50,0,0,30,1,1e-05,lie,median,house,50,0,0,0
30,100,1,0,5,50,0,0,30,1,1e-05,fang,median,house,50,0,0,0
30,100,1,0,10,50,0,0,30,1,1e-05,fang,median,house,50,0,0,0
30,100,1,0,20,50,0,0,30,1,1e-05,fang,median,house,50,0,0,0
30,100,1,0,30,50,0,0,30,1,1e-05,fang,median,house,50,0,0,0
30,100,1,0,40,50,0,0,30,1,1e-05,fang,median,house,50,0,0,0
30,100,1,0,50,50,0,0,30,1,1e-05,fang,median,house,50,0,0,0
30,100,1,0,60,50,0,0,30,1,1e-05,fang,median,house,50,0,0,0
30,100,1,0,70,50,0,0,30,1,1e-05,fang,median,house,50,0,0,0
30,100,1,0,80,50,0,0,30,1,1e-05,fang,median,house,50,0,0,0
30,100,1,0,90,50,0,0,30,1,1e-05,fang,median,house,50,0,0,0
30,100,1,0,95,50,0,0,30,1,1e-05,fang,median,house,50,0,0,0
30,100,1,0,5,50,0,0,30,1,1e-05,minmax,median,house,50,0,0,0
30,100,1,0,10,50,0,0,30,1,1e-05,minmax,median,house,50,0,0,0
30,100,1,0,20,50,0,0,30,1,1e-05,minmax,median,house,50,0,0,0
30,100,1,0,30,50,0,0,30,1,1e-05,minmax,median,house,50,0,0,0
30,100,1,0,40,50,0,0,30,1,1e-05,minmax,median,house,50,0,0,0
30,100,1,0,50,50,0,0,30,1,1e-05,minmax,median,house,50,0,0,0
30,100,1,0,60,50,0,0,30,1,1e-05,minmax,median,house,50,0,0,0
30,100,1,0,70,50,0,0,30,1,1e-05,minmax,median,house,50,0,0,0
30,100,1,0,80,50,0,0,30,1,1e-05,minmax,median,house,50,0,0,0
30,100,1,0,90,50,0,0,30,1,1e-05,minmax,median,house,50,0,0,0
30,100,1,0,95,50,0,0,30,1,1e-05,minmax,median,house,50,0,0,0
30,100,1,0,5,50,0,10,30,1,1e-05,gaussian,trimmedmean,house,50,0,0,0
30,100,1,0,10,50,0,10,30,1,1e-05,gaussian,trimmedmean,house,50,0,0,0
30,100,1,0,20,50,0,10,30,1,1e-05,gaussian,trimmedmean,house,50,0,0,0
30,100,1,0,30,50,0,10,30,1,1e-05,gaussian,trimmedmean,house,50,0,0,0
30,100,1,0,40,50,0,10,30,1,1e-05,gaussian,trimmedmean,house,50,0,0,0
30,100,1,0,50,50,0,10,30,1,1e-05,gaussian,trimmedmean,house,50,0,0,0
30,100,1,0,60,50,0,10,30,1,1e-05,gaussian,trimmedmean,house,50,0,0,0
30,100,1,0,70,50,0,10,30,1,1e-05,gaussian,trimmedmean,house,50,0,0,0
30,100,1,0,80,50,0,10,30,1,1e-05,gaussian,trimmedmean,house,50,0,0,0
30,100,1,0,90,50,0,10,30,1,1e-05,gaussian,trimmedmean,house,50,0,0,0
30,100,1,0,95,50,0,10,30,1,1e-05,gaussian,trimmedmean,house,50,0,0,0
30,100,1,0,5,50,0,0,30,1,1e-05,lie,trimmedmean,house,50,0,0,0
30,100,1,0,10,50,0,0,30,1,1e-05,lie,trimmedmean,house,50,0,0,0
30,100,1,0,20,50,0,0,30,1,1e-05,lie,trimmedmean,house,50,0,0,0
30,100,1,0,30,50,0,0,30,1,1e-05,lie,trimmedmean,house,50,0,0,0
30,100,1,0,40,50,0,0,30,1,1e-05,lie,trimmedmean,house,50,0,0,0
30,100,1,0,50,50,0,0,30,1,1e-05,lie,trimmedmean,house,50,0,0,0
30,100,1,0,60,50,0,0,30,1,1e-05,lie,trimmedmean,house,50,0,0,0
30,100,1,0,70,50,0,0,30,1,1e-05,lie,trimmedmean,house,50,0,0,0
30,100,1,0,80,50,0,0,30,1,1e-05,lie,trimmedmean,house,50,0,0,0
30,100,1,0,90,50,0,0,30,1,1e-05,lie,trimmedmean,house,50,0,0,0
30,100,1,0,95,50,0,0,30,1,1e-05,lie,trimmedmean,house,50,0,0,0
30,100,1,0,5,50,0,0,30,1,1e-05,fang,trimmedmean,house,50,0,0,0
30,100,1,0,10,50,0,0,30,1,1e-05,fang,trimmedmean,house,50,0,0,0
30,100,1,0,20,50,0,0,30,1,1e-05,fang,trimmedmean,house,50,0,0,0
30,100,1,0,30,50,0,0,30,1,1e-05,fang,trimmedmean,house,50,0,0,0
30,100,1,0,40,50,0,0,30,1,1e-05,fang,trimmedmean,house,50,0,0,0
30,100,1,0,50,50,0,0,30,1,1e-05,fang,trimmedmean,house,50,0,0,0
30,100,1,0,60,50,0,0,30,1,1e-05,fang,trimmedmean,house,50,0,0,0
30,100,1,0,70,50,0,0,30,1,1e-05,fang,trimmedmean,house,50,0,0,0
30,100,1,0,80,50,0,0,30,1,1e-05,fang,trimmedmean,house,50,0,0,0
30,100,1,0,90,50,0,0,30,1,1e-05,fang,trimmedmean,house,50,0,0,0
30,100,1,0,95,50,0,0,30,1,1e-05,fang,trimmedmean,house,50,0,0,0
30,100,1,0,5,50,0,0,30,1,1e-05,minmax,trimmedmean,house,50,0,0,0
30,100,1,0,10,50,0,0,30,1,1e-05,minmax,trimmedmean,house,50,0,0,0
30,100,1,0,20,50,0,0,30,1,1e-05,minmax,trimmedmean,house,50,0,0,0
30,100,1,0,30,50,0,0,30,1,1e-05,minmax,trimmedmean,house,50,0,0,0
30,100,1,0,40,50,0,0,30,1,1e-05,minmax,trimmedmean,house,50,0,0,0
30,100,1,0,50,50,0,0,30,1,1e-05,minmax,trimmedmean,house,50,0,0,0
30,100,1,0,60,50,0,0,30,1,1e-05,minmax,trimmedmean,house,50,0,0,0
30,100,1,0,70,50,0,0,30,1,1e-05,minmax,trimmedmean,house,50,0,0,0
30,100,1,0,80,50,0,0,30,1,1e-05,minmax,trimmedmean,house,50,0,0,0
30,100,1,0,90,50,0,0,30,1,1e-05,minmax,trimmedmean,house,50,0,0,0
30,100,1,0,95,50,0,0,30,1,1e-05,minmax,trimmedmean,house,50,0,0,0
30,100,1,0,5,50,0,10,30,1,1e-05,gaussian,flanders,house,50,0,1,1
30,100,1,0,10,50,0,10,30,1,1e-05,gaussian,flanders,house,50,0,1,1
30,100,1,0,20,50,0,10,30,1,1e-05,gaussian,flanders,house,50,0,1,1
30,100,1,0,30,50,0,10,30,1,1e-05,gaussian,flanders,house,50,0,1,1
30,100,1,0,40,50,0,10,30,1,1e-05,gaussian,flanders,house,50,0,1,1
30,100,1,0,50,50,0,10,30,1,1e-05,gaussian,flanders,house,50,0,1,1
30,100,1,0,60,50,0,10,30,1,1e-05,gaussian,flanders,house,50,0,1,1
30,100,1,0,70,50,0,10,30,1,1e-05,gaussian,flanders,house,50,0,1,1
30,100,1,0,80,50,0,10,30,1,1e-05,gaussian,flanders,house,50,0,1,1
30,100,1,0,90,50,0,10,30,1,1e-05,gaussian,flanders,house,50,0,1,1
30,100,1,0,95,50,0,10,30,1,1e-05,gaussian,flanders,house,50,0,1,1
30,100,1,0,5,50,0,0,30,1,1e-05,lie,flanders,house,50,0,1,1
30,100,1,0,10,50,0,0,30,1,1e-05,lie,flanders,house,50,0,1,1
30,100,1,0,20,50,0,0,30,1,1e-05,lie,flanders,house,50,0,1,1
30,100,1,0,30,50,0,0,30,1,1e-05,lie,flanders,house,50,0,1,1
30,100,1,0,40,50,0,0,30,1,1e-05,lie,flanders,house,50,0,1,1
30,100,1,0,50,50,0,0,30,1,1e-05,lie,flanders,house,50,0,1,1
30,100,1,0,60,50,0,0,30,1,1e-05,lie,flanders,house,50,0,1,1
30,100,1,0,70,50,0,0,30,1,1e-05,lie,flanders,house,50,0,1,1
30,100,1,0,80,50,0,0,30,1,1e-05,lie,flanders,house,50,0,1,1
30,100,1,0,90,50,0,0,30,1,1e-05,lie,flanders,house,50,0,1,1
30,100,1,0,95,50,0,0,30,1,1e-05,lie,flanders,house,50,0,1,1
30,100,1,0,5,50,0,0,30,1,1e-05,fang,flanders,house,50,0,1,1
30,100,1,0,10,50,0,0,30,1,1e-05,fang,flanders,house,50,0,1,1
30,100,1,0,20,50,0,0,30,1,1e-05,fang,flanders,house,50,0,1,1
30,100,1,0,30,50,0,0,30,1,1e-05,fang,flanders,house,50,0,1,1
30,100,1,0,40,50,0,0,30,1,1e-05,fang,flanders,house,50,0,1,1
30,100,1,0,50,50,0,0,30,1,1e-05,fang,flanders,house,50,0,1,1
30,100,1,0,60,50,0,0,30,1,1e-05,fang,flanders,house,50,0,1,1
30,100,1,0,70,50,0,0,30,1,1e-05,fang,flanders,house,50,0,1,1
30,100,1,0,80,50,0,0,30,1,1e-05,fang,flanders,house,50,0,1,1
30,100,1,0,90,50,0,0,30,1,1e-05,fang,flanders,house,50,0,1,1
30,100,1,0,95,50,0,0,30,1,1e-05,fang,flanders,house,50,0,1,1
30,100,1,0,5,50,0,0,30,1,1e-05,minmax,flanders,house,50,0,1,1
30,100,1,0,10,50,0,0,30,1,1e-05,minmax,flanders,house,50,0,1,1
30,100,1,0,20,50,0,0,30,1,1e-05,minmax,flanders,house,50,0,1,1
30,100,1,0,30,50,0,0,30,1,1e-05,minmax,flanders,house,50,0,1,1
30,100,1,0,40,50,0,0,30,1,1e-05,minmax,flanders,house,50,0,1,1
30,100,1,0,50,50,0,0,30,1,1e-05,minmax,flanders,house,50,0,1,1
30,100,1,0,60,50,0,0,30,1,1e-05,minmax,flanders,house,50,0,1,1
30,100,1,0,70,50,0,0,30,1,1e-05,minmax,flanders,house,50,0,1,1
30,100,1,0,80,50,0,0,30,1,1e-05,minmax,flanders,house,50,0,1,1
30,100,1,0,90,50,0,0,30,1,1e-05,minmax,flanders,house,50,0,1,1
30,100,1,0,95,50,0,0,30,1,1e-05,minmax,flanders,house,50,0,1,1
30,100,1,0,5,50,0,10,30,1,1e-05,gaussian,krum,house,50,0,0,0
30,100,1,0,10,50,0,10,30,1,1e-05,gaussian,krum,house,50,0,0,0
30,100,1,0,20,50,0,10,30,1,1e-05,gaussian,krum,house,50,0,0,0
30,100,1,0,30,50,0,10,30,1,1e-05,gaussian,krum,house,50,0,0,0
30,100,1,0,40,50,0,10,30,1,1e-05,gaussian,krum,house,50,0,0,0
30,100,1,0,50,50,0,10,30,1,1e-05,gaussian,krum,house,50,0,0,0
30,100,1,0,60,50,0,10,30,1,1e-05,gaussian,krum,house,50,0,0,0
30,100,1,0,70,50,0,10,30,1,1e-05,gaussian,krum,house,50,0,0,0
30,100,1,0,80,50,0,10,30,1,1e-05,gaussian,krum,house,50,0,0,0
30,100,1,0,90,50,0,10,30,1,1e-05,gaussian,krum,house,50,0,0,0
30,100,1,0,95,50,0,10,30,1,1e-05,gaussian,krum,house,50,0,0,0
30,100,1,0,5,50,0,0,30,1,1e-05,lie,krum,house,50,0,0,0
30,100,1,0,10,50,0,0,30,1,1e-05,lie,krum,house,50,0,0,0
30,100,1,0,20,50,0,0,30,1,1e-05,lie,krum,house,50,0,0,0
30,100,1,0,30,50,0,0,30,1,1e-05,lie,krum,house,50,0,0,0
30,100,1,0,40,50,0,0,30,1,1e-05,lie,krum,house,50,0,0,0
30,100,1,0,50,50,0,0,30,1,1e-05,lie,krum,house,50,0,0,0
30,100,1,0,60,50,0,0,30,1,1e-05,lie,krum,house,50,0,0,0
30,100,1,0,70,50,0,0,30,1,1e-05,lie,krum,house,50,0,0,0
30,100,1,0,80,50,0,0,30,1,1e-05,lie,krum,house,50,0,0,0
30,100,1,0,90,50,0,0,30,1,1e-05,lie,krum,house,50,0,0,0
30,100,1,0,95,50,0,0,30,1,1e-05,lie,krum,house,50,0,0,0
30,100,1,0,5,50,0,0,30,1,1e-05,fang,krum,house,50,0,0,0
30,100,1,0,10,50,0,0,30,1,1e-05,fang,krum,house,50,0,0,0
30,100,1,0,20,50,0,0,30,1,1e-05,fang,krum,house,50,0,0,0
30,100,1,0,30,50,0,0,30,1,1e-05,fang,krum,house,50,0,0,0
30,100,1,0,40,50,0,0,30,1,1e-05,fang,krum,house,50,0,0,0
30,100,1,0,50,50,0,0,30,1,1e-05,fang,krum,house,50,0,0,0
30,100,1,0,60,50,0,0,30,1,1e-05,fang,krum,house,50,0,0,0
30,100,1,0,70,50,0,0,30,1,1e-05,fang,krum,house,50,0,0,0
30,100,1,0,80,50,0,0,30,1,1e-05,fang,krum,house,50,0,0,0
30,100,1,0,90,50,0,0,30,1,1e-05,fang,krum,house,50,0,0,0
30,100,1,0,95,50,0,0,30,1,1e-05,fang,krum,house,50,0,0,0
30,100,1,0,5,50,0,0,30,1,1e-05,minmax,krum,house,50,0,0,0
30,100,1,0,10,50,0,0,30,1,1e-05,minmax,krum,house,50,0,0,0
30,100,1,0,20,50,0,0,30,1,1e-05,minmax,krum,house,50,0,0,0
30,100,1,0,30,50,0,0,30,1,1e-05,minmax,krum,house,50,0,0,0
30,100,1,0,40,50,0,0,30,1,1e-05,minmax,krum,house,50,0,0,0
30,100,1,0,50,50,0,0,30,1,1e-05,minmax,krum,house,50,0,0,0
30,100,1,0,60,50,0,0,30,1,1e-05,minmax,krum,house,50,0,0,0
30,100,1,0,70,50,0,0,30,1,1e-05,minmax,krum,house,50,0,0,0
30,100,1,0,80,50,0,0,30,1,1e-05,minmax,krum,house,50,0,0,0
30,100,1,0,90,50,0,0,30,1,1e-05,minmax,krum,house,50,0,0,0
30,100,1,0,95,50,0,0,30,1,1e-05,minmax,krum,house,50,0,0,0
30,100,1,0,5,50,0,10,30,1,1e-05,gaussian,bulyan,house,50,0,0,0
30,100,1,0,10,50,0,10,30,1,1e-05,gaussian,bulyan,house,50,0,0,0
30,100,1,0,20,50,0,10,30,1,1e-05,gaussian,bulyan,house,50,0,0,0
30,100,1,0,30,50,0,10,30,1,1e-05,gaussian,bulyan,house,50,0,0,0
30,100,1,0,40,50,0,10,30,1,1e-05,gaussian,bulyan,house,50,0,0,0
30,100,1,0,50,50,0,10,30,1,1e-05,gaussian,bulyan,house,50,0,0,0
30,100,1,0,60,50,0,10,30,1,1e-05,gaussian,bulyan,house,50,0,0,0
30,100,1,0,70,50,0,10,30,1,1e-05,gaussian,bulyan,house,50,0,0,0
30,100,1,0,80,50,0,10,30,1,1e-05,gaussian,bulyan,house,50,0,0,0
30,100,1,0,90,50,0,10,30,1,1e-05,gaussian,bulyan,house,50,0,0,0
30,100,1,0,95,50,0,10,30,1,1e-05,gaussian,bulyan,house,50,0,0,0
30,100,1,0,5,50,0,0,30,1,1e-05,lie,bulyan,house,50,0,0,0
30,100,1,0,10,50,0,0,30,1,1e-05,lie,bulyan,house,50,0,0,0
30,100,1,0,20,50,0,0,30,1,1e-05,lie,bulyan,house,50,0,0,0
30,100,1,0,30,50,0,0,30,1,1e-05,lie,bulyan,house,50,0,0,0
30,100,1,0,40,50,0,0,30,1,1e-05,lie,bulyan,house,50,0,0,0
30,100,1,0,50,50,0,0,30,1,1e-05,lie,bulyan,house,50,0,0,0
30,100,1,0,60,50,0,0,30,1,1e-05,lie,bulyan,house,50,0,0,0
30,100,1,0,70,50,0,0,30,1,1e-05,lie,bulyan,house,50,0,0,0
30,100,1,0,80,50,0,0,30,1,1e-05,lie,bulyan,house,50,0,0,0
30,100,1,0,90,50,0,0,30,1,1e-05,lie,bulyan,house,50,0,0,0
30,100,1,0,95,50,0,0,30,1,1e-05,lie,bulyan,house,50,0,0,0
30,100,1,0,5,50,0,0,30,1,1e-05,fang,bulyan,house,50,0,0,0
30,100,1,0,10,50,0,0,30,1,1e-05,fang,bulyan,house,50,0,0,0
30,100,1,0,20,50,0,0,30,1,1e-05,fang,bulyan,house,50,0,0,0
30,100,1,0,30,50,0,0,30,1,1e-05,fang,bulyan,house,50,0,0,0
30,100,1,0,40,50,0,0,30,1,1e-05,fang,bulyan,house,50,0,0,0
30,100,1,0,50,50,0,0,30,1,1e-05,fang,bulyan,house,50,0,0,0
30,100,1,0,60,50,0,0,30,1,1e-05,fang,bulyan,house,50,0,0,0
30,100,1,0,70,50,0,0,30,1,1e-05,fang,bulyan,house,50,0,0,0
30,100,1,0,80,50,0,0,30,1,1e-05,fang,bulyan,house,50,0,0,0
30,100,1,0,90,50,0,0,30,1,1e-05,fang,bulyan,house,50,0,0,0
30,100,1,0,95,50,0,0,30,1,1e-05,fang,bulyan,house,50,0,0,0
30,100,1,0,5,50,0,0,30,1,1e-05,minmax,bulyan,house,50,0,0,0
30,100,1,0,10,50,0,0,30,1,1e-05,minmax,bulyan,house,50,0,0,0
30,100,1,0,20,50,0,0,30,1,1e-05,minmax,bulyan,house,50,0,0,0
30,100,1,0,30,50,0,0,30,1,1e-05,minmax,bulyan,house,50,0,0,0
30,100,1,0,40,50,0,0,30,1,1e-05,minmax,bulyan,house,50,0,0,0
30,100,1,0,50,50,0,0,30,1,1e-05,minmax,bulyan,house,50,0,0,0
30,100,1,0,60,50,0,0,30,1,1e-05,minmax,bulyan,house,50,0,0,0
30,100,1,0,70,50,0,0,30,1,1e-05,minmax,bulyan,house,50,0,0,0
30,100,1,0,80,50,0,0,30,1,1e-05,minmax,bulyan,house,50,0,0,0
30,100,1,0,90,50,0,0,30,1,1e-05,minmax,bulyan,house,50,0,0,0
30,100,1,0,95,50,0,0,30,1,1e-05,minmax,bulyan,house,50,0,0,0
30,100,1,0,5,50,0,10,30,1,1e-05,gaussian,fltrust,house,50,0,0,0
30,100,1,0,10,50,0,10,30,1,1e-05,gaussian,fltrust,house,50,0,0,0
30,100,1,0,20,50,0,10,30,1,1e-05,gaussian,fltrust,house,50,0,0,0
30,100,1,0,30,50,0,10,30,1,1e-05,gaussian,fltrust,house,50,0,0,0
30,100,1,0,40,50,0,10,30,1,1e-05,gaussian,fltrust,house,50,0,0,0
30,100,1,0,50,50,0,10,30,1,1e-05,gaussian,fltrust,house,50,0,0,0
30,100,1,0,60,50,0,10,30,1,1e-05,gaussian,fltrust,house,50,0,0,0
30,100,1,0,70,50,0,10,30,1,1e-05,gaussian,fltrust,house,50,0,0,0
30,100,1,0,80,50,0,10,30,1,1e-05,gaussian,fltrust,house,50,0,0,0
30,100,1,0,90,50,0,10,30,1,1e-05,gaussian,fltrust,house,50,0,0,0
30,100,1,0,95,50,0,10,30,1,1e-05,gaussian,fltrust,house,50,0,0,0
30,100,1,0,5,50,0,0,30,1,1e-05,lie,fltrust,house,50,0,0,0
30,100,1,0,10,50,0,0,30,1,1e-05,lie,fltrust,house,50,0,0,0
30,100,1,0,20,50,0,0,30,1,1e-05,lie,fltrust,house,50,0,0,0
30,100,1,0,30,50,0,0,30,1,1e-05,lie,fltrust,house,50,0,0,0
30,100,1,0,40,50,0,0,30,1,1e-05,lie,fltrust,house,50,0,0,0
30,100,1,0,50,50,0,0,30,1,1e-05,lie,fltrust,house,50,0,0,0
30,100,1,0,60,50,0,0,30,1,1e-05,lie,fltrust,house,50,0,0,0
30,100,1,0,70,50,0,0,30,1,1e-05,lie,fltrust,house,50,0,0,0
30,100,1,0,80,50,0,0,30,1,1e-05,lie,fltrust,house,50,0,0,0
30,100,1,0,90,50,0,0,30,1,1e-05,lie,fltrust,house,50,0,0,0
30,100,1,0,95,50,0,0,30,1,1e-05,lie,fltrust,house,50,0,0,0
30,100,1,0,5,50,0,0,30,1,1e-05,fang,fltrust,house,50,0,0,0
30,100,1,0,10,50,0,0,30,1,1e-05,fang,fltrust,house,50,0,0,0
30,100,1,0,20,50,0,0,30,1,1e-05,fang,fltrust,house,50,0,0,0
30,100,1,0,30,50,0,0,30,1,1e-05,fang,fltrust,house,50,0,0,0
30,100,1,0,40,50,0,0,30,1,1e-05,fang,fltrust,house,50,0,0,0
30,100,1,0,50,50,0,0,30,1,1e-05,fang,fltrust,house,50,0,0,0
30,100,1,0,60,50,0,0,30,1,1e-05,fang,fltrust,house,50,0,0,0
30,100,1,0,70,50,0,0,30,1,1e-05,fang,fltrust,house,50,0,0,0
30,100,1,0,80,50,0,0,30,1,1e-05,fang,fltrust,house,50,0,0,0
30,100,1,0,90,50,0,0,30,1,1e-05,fang,fltrust,house,50,0,0,0
30,100,1,0,95,50,0,0,30,1,1e-05,fang,fltrust,house,50,0,0,0
30,100,1,0,5,50,0,0,30,1,1e-05,minmax,fltrust,house,50,0,0,0
30,100,1,0,10,50,0,0,30,1,1e-05,minmax,fltrust,house,50,0,0,0
30,100,1,0,20,50,0,0,30,1,1e-05,minmax,fltrust,house,50,0,0,0
30,100,1,0,30,50,0,0,30,1,1e-05,minmax,fltrust,house,50,0,0,0
30,100,1,0,40,50,0,0,30,1,1e-05,minmax,fltrust,house,50,0,0,0
30,100,1,0,50,50,0,0,30,1,1e-05,minmax,fltrust,house,50,0,0,0
30,100,1,0,60,50,0,0,30,1,1e-05,minmax,fltrust,house,50,0,0,0
30,100,1,0,70,50,0,0,30,1,1e-05,minmax,fltrust,house,50,0,0,0
30,100,1,0,80,50,0,0,30,1,1e-05,minmax,fltrust,house,50,0,0,0
30,100,1,0,90,50,0,0,30,1,1e-05,minmax,fltrust,house,50,0,0,0
30,100,1,0,95,50,0,0,30,1,1e-05,minmax,fltrust,house,50,0,0,0
